sheet_name,coverage,column
1guy,1.0,twitter_sentiments
1squirrel,1.0,twitter_sentiments
360noscope420blazeit,1.0,twitter_sentiments
5,1.0,twitter_sentiments
6,1.0,twitter_sentiments
888token,1.0,twitter_sentiments
abi,1.0,twitter_sentiments
achi,1.0,twitter_sentiments
acidtoad,1.0,twitter_sentiments
adillo,1.0,twitter_sentiments
agentaigo,1.0,twitter_sentiments
agenttank,1.0,twitter_sentiments
ai16z,1.0,twitter_sentiments
ai16zeliza,1.0,twitter_sentiments
aicrystalnode,1.0,twitter_sentiments
aiinu,1.0,twitter_sentiments
aimerica,1.0,twitter_sentiments
aimonicabrands,1.0,twitter_sentiments
aishellnova,1.0,twitter_sentiments
aitraderagent,1.0,twitter_sentiments
aiwarpertoken,1.0,twitter_sentiments
aiwithdaddyissues,1.0,twitter_sentiments
akiprotocol,1.0,twitter_sentiments
akitabsc,1.0,twitter_sentiments
alaska,1.0,twitter_sentiments
alchemistai,1.0,twitter_sentiments
alp,1.0,twitter_sentiments
alpaca2,1.0,twitter_sentiments
alpha3,1.0,twitter_sentiments
amaterasuomikami,1.0,twitter_sentiments
americancoin,1.0,twitter_sentiments
americapac,1.0,twitter_sentiments
analos,1.0,twitter_sentiments
andy70b,1.0,twitter_sentiments
andyman,1.0,twitter_sentiments
anitamaxwynn,1.0,twitter_sentiments
antitoken,1.0,twitter_sentiments
anyinu,1.0,twitter_sentiments
aped,1.0,twitter_sentiments
aquarius2,1.0,twitter_sentiments
aquathecoin,1.0,twitter_sentiments
arbidoge,1.0,twitter_sentiments
aries,1.0,twitter_sentiments
ariethesealion,1.0,twitter_sentiments
astheria,1.0,twitter_sentiments
astropepex,1.0,twitter_sentiments
auraonsol,1.0,twitter_sentiments
auroraterminal,1.0,twitter_sentiments
autism2,1.0,twitter_sentiments
autonomousvirtualbeings,1.0,twitter_sentiments
avaai,1.0,twitter_sentiments
avachiangmainightsafariava,1.0,twitter_sentiments
avaxhasnochill,1.0,twitter_sentiments
avocato,1.0,twitter_sentiments
axi,1.0,twitter_sentiments
babybitcoin2,1.0,twitter_sentiments
babybnb,1.0,twitter_sentiments
babydragonx,1.0,twitter_sentiments
babyneirotoken,1.0,twitter_sentiments
babypepe3,1.0,twitter_sentiments
babyshironeko,1.0,twitter_sentiments
babywen,1.0,twitter_sentiments
badcatsol,1.0,twitter_sentiments
badideaai,1.0,twitter_sentiments
ballsoffate,1.0,twitter_sentiments
bananacat,1.0,twitter_sentiments
bananaforscale,1.0,twitter_sentiments
bananaforscale2,1.0,twitter_sentiments
bananatapewall,1.0,twitter_sentiments
based,1.0,twitter_sentiments
basktfun,1.0,twitter_sentiments
beercoin2,1.0,twitter_sentiments
believeinsomething,1.0,twitter_sentiments
believeinsomething2,1.0,twitter_sentiments
belikeblob,1.0,twitter_sentiments
benthedog,1.0,twitter_sentiments
bertramthepomeranian,1.0,twitter_sentiments
beth,1.0,twitter_sentiments
betmore,1.0,twitter_sentiments
biaoonsol,1.0,twitter_sentiments
biaoqing,1.0,twitter_sentiments
big,1.0,twitter_sentiments
bigcheungus,1.0,twitter_sentiments
bigdogfink,1.0,twitter_sentiments
bigjim,1.0,twitter_sentiments
bigpharmai,1.0,twitter_sentiments
billiondollarcatrunes,1.0,twitter_sentiments
billy,1.0,twitter_sentiments
bingusthecat,1.0,twitter_sentiments
birddog,1.0,twitter_sentiments
bitbonk,1.0,twitter_sentiments
bitcat2,1.0,twitter_sentiments
bitcat3,1.0,twitter_sentiments
bitcoinact,1.0,twitter_sentiments
blackagnus,1.0,twitter_sentiments
blackunicorncorp,1.0,twitter_sentiments
blinkdotfun,1.0,twitter_sentiments
blinksgg,1.0,twitter_sentiments
blk2100,1.0,twitter_sentiments
blobanapet,1.0,twitter_sentiments
bloomspergterminal,1.0,twitter_sentiments
bobacat,1.0,twitter_sentiments
bobaoppa,1.0,twitter_sentiments
boblles,1.0,twitter_sentiments
bobocoin,1.0,twitter_sentiments
bobthesnek,1.0,twitter_sentiments
bobtoken,1.0,twitter_sentiments
bog,1.0,twitter_sentiments
bogus,1.0,twitter_sentiments
bongocat,1.0,twitter_sentiments
bonsaitoken,1.0,twitter_sentiments
booji,1.0,twitter_sentiments
boop2,1.0,twitter_sentiments
boop3,1.0,twitter_sentiments
bopcat,1.0,twitter_sentiments
bozohybrid,1.0,twitter_sentiments
brainlet2,1.0,twitter_sentiments
brainrot,1.0,twitter_sentiments
brettmemecoin,1.0,twitter_sentiments
brot,1.0,twitter_sentiments
brothecat,1.0,twitter_sentiments
bueno,1.0,twitter_sentiments
buildonbnb,1.0,twitter_sentiments
burnedfi,1.0,twitter_sentiments
buttholecoin,1.0,twitter_sentiments
buu,1.0,twitter_sentiments
byte,1.0,twitter_sentiments
cancer,1.0,twitter_sentiments
capricorn2,1.0,twitter_sentiments
carloacutis,1.0,twitter_sentiments
cas9,1.0,twitter_sentiments
catalorian,1.0,twitter_sentiments
catana,1.0,twitter_sentiments
catdog,1.0,twitter_sentiments
catecoin,1.0,twitter_sentiments
catex,1.0,twitter_sentiments
catgirl,1.0,twitter_sentiments
catownkimono,1.0,twitter_sentiments
catslap,1.0,twitter_sentiments
catwifbag,1.0,twitter_sentiments
catwifhat2,1.0,twitter_sentiments
cctv,1.0,twitter_sentiments
centience,1.0,twitter_sentiments
chadcat,1.0,twitter_sentiments
chadcoin,1.0,twitter_sentiments
chaosanddisorder,1.0,twitter_sentiments
chartreuxcat,1.0,twitter_sentiments
chatgptsmascot,1.0,twitter_sentiments
cheems,1.0,twitter_sentiments
cheese2,1.0,twitter_sentiments
cheese3,1.0,twitter_sentiments
cheeseball,1.0,twitter_sentiments
cheshiregrin,1.0,twitter_sentiments
cheyenne,1.0,twitter_sentiments
chibawan,1.0,twitter_sentiments
chillgirl,1.0,twitter_sentiments
choccymilkcat,1.0,twitter_sentiments
chonky,1.0,twitter_sentiments
chudjak,1.0,twitter_sentiments
clapcat,1.0,twitter_sentiments
claude,1.0,twitter_sentiments
coal2,1.0,twitter_sentiments
coby,1.0,twitter_sentiments
cococoin,1.0,twitter_sentiments
codergf,1.0,twitter_sentiments
codetoken,1.0,twitter_sentiments
comedian,1.0,twitter_sentiments
convo,1.0,twitter_sentiments
corgiinu2,1.0,twitter_sentiments
corn2,1.0,twitter_sentiments
costcohotdog,1.0,twitter_sentiments
crab,1.0,twitter_sentiments
crashout,1.0,twitter_sentiments
craze,1.0,twitter_sentiments
crowwithknife,1.0,twitter_sentiments
cryptoboomcoinofficial,1.0,twitter_sentiments
cryptoczar,1.0,twitter_sentiments
csi888,1.0,twitter_sentiments
cultofpepe,1.0,twitter_sentiments
cumrocket,1.0,twitter_sentiments
cupsey,1.0,twitter_sentiments
cyberdoge3,1.0,twitter_sentiments
daddychill,1.0,twitter_sentiments
daddytate,1.0,twitter_sentiments
dancingtriangle2,1.0,twitter_sentiments
darkmaga,1.0,twitter_sentiments
darksun,1.0,twitter_sentiments
dasha,1.0,twitter_sentiments
deepworm,1.0,twitter_sentiments
defrogs,1.0,twitter_sentiments
degenspartanai,1.0,twitter_sentiments
dejitarutsuka,1.0,twitter_sentiments
departmentofgovefficiency,1.0,twitter_sentiments
departmentofgovernmentefficiency3,1.0,twitter_sentiments
derdaku,1.0,twitter_sentiments
devinonsolana,1.0,twitter_sentiments
dingocoin,1.0,twitter_sentiments
dinolfg,1.0,twitter_sentiments
divinelyprotected,1.0,twitter_sentiments
dogaiwtf,1.0,twitter_sentiments
dogami,1.0,twitter_sentiments
dogc,1.0,twitter_sentiments
doge,1.0,twitter_sentiments
dogebonk,1.0,twitter_sentiments
dogecast,1.0,twitter_sentiments
dogecast2,1.0,twitter_sentiments
dogefather2,1.0,twitter_sentiments
dogefather3,1.0,twitter_sentiments
dogejonesindustrialaverage,1.0,twitter_sentiments
dogemascotshibu,1.0,twitter_sentiments
dogemojionsolana,1.0,twitter_sentiments
dogeonsolana,1.0,twitter_sentiments
dogfoodtoken,1.0,twitter_sentiments
doggo3,1.0,twitter_sentiments
doggoinu,1.0,twitter_sentiments
doginhood,1.0,twitter_sentiments
doginthpool,1.0,twitter_sentiments
doglibre,1.0,twitter_sentiments
dogwifnuchucks,1.0,twitter_sentiments
dogwithappleinmouth,1.0,twitter_sentiments
dolanduck,1.0,twitter_sentiments
dollarmoon2,1.0,twitter_sentiments
dolosthebully,1.0,twitter_sentiments
donaldtremp,1.0,twitter_sentiments
dontbuyinu,1.0,twitter_sentiments
dontdie,1.0,twitter_sentiments
dorklord2,1.0,twitter_sentiments
dotcom,1.0,twitter_sentiments
draggycto,1.0,twitter_sentiments
drip,1.0,twitter_sentiments
drpepeai,1.0,twitter_sentiments
duckai,1.0,twitter_sentiments
duckthedoug,1.0,twitter_sentiments
ducky,1.0,twitter_sentiments
duko,1.0,twitter_sentiments
eagleoftruth,1.0,twitter_sentiments
earl,1.0,twitter_sentiments
effectiveaccelerationism,1.0,twitter_sentiments
eggdog,1.0,twitter_sentiments
elgato,1.0,twitter_sentiments
eliza,1.0,twitter_sentiments
elon,1.0,twitter_sentiments
eloniatrump,1.0,twitter_sentiments
elonrwa,1.0,twitter_sentiments
elonspetsnail,1.0,twitter_sentiments
elsapopepe,1.0,twitter_sentiments
endfederalreserve,1.0,twitter_sentiments
enkrypto,1.0,twitter_sentiments
estee,1.0,twitter_sentiments
ethbull,1.0,twitter_sentiments
ethereumisgood,1.0,twitter_sentiments
evan2,1.0,twitter_sentiments
expert_money,1.0,twitter_sentiments
eyeearn,1.0,twitter_sentiments
fairfun,1.0,twitter_sentiments
faml,1.0,twitter_sentiments
fatgf,1.0,twitter_sentiments
feces,1.0,twitter_sentiments
fefeoneth,1.0,twitter_sentiments
fegtoken2,1.0,twitter_sentiments
feistydogenft,1.0,twitter_sentiments
fighttomaga,1.0,twitter_sentiments
fijiexe,1.0,twitter_sentiments
fine2,1.0,twitter_sentiments
firstconvictedraccon,1.0,twitter_sentiments
firstreply,1.0,twitter_sentiments
fishkoin,1.0,twitter_sentiments
fisttrumppump,1.0,twitter_sentiments
flatearthcoin,1.0,twitter_sentiments
flaviaisonline,1.0,twitter_sentiments
fleabone,1.0,twitter_sentiments
floofnoodles,1.0,twitter_sentiments
floos,1.0,twitter_sentiments
floppacat,1.0,twitter_sentiments
florkcto,1.0,twitter_sentiments
flowerai,1.0,twitter_sentiments
fofar,1.0,twitter_sentiments
fomo3d,1.0,twitter_sentiments
fomoradioai,1.0,twitter_sentiments
forest,1.0,twitter_sentiments
forky2,1.0,twitter_sentiments
freeshaynecoplan,1.0,twitter_sentiments
freespeech2,1.0,twitter_sentiments
frensofelon,1.0,twitter_sentiments
fric,1.0,twitter_sentiments
frodothevirtualsamurai,1.0,twitter_sentiments
frog3,1.0,twitter_sentiments
frogevip,1.0,twitter_sentiments
frox,1.0,twitter_sentiments
fu,1.0,twitter_sentiments
fug,1.0,twitter_sentiments
fug2,1.0,twitter_sentiments
fuku2,1.0,twitter_sentiments
furnancialadvisor,1.0,twitter_sentiments
fxn,1.0,twitter_sentiments
gamestop,1.0,twitter_sentiments
gameswift,1.0,twitter_sentiments
gdog,1.0,twitter_sentiments
gegagedigedagedago,1.0,twitter_sentiments
gemini2,1.0,twitter_sentiments
gemxbt,1.0,twitter_sentiments
generationalwealth3,1.0,twitter_sentiments
genzquant,1.0,twitter_sentiments
gikocat,1.0,twitter_sentiments
ginnan,1.0,twitter_sentiments
ginnanthecat,1.0,twitter_sentiments
glorp,1.0,twitter_sentiments
glp1,1.0,twitter_sentiments
gluteusmaximusbyvirtuals,1.0,twitter_sentiments
gme,1.0,twitter_sentiments
gmika,1.0,twitter_sentiments
goatseusactii,1.0,twitter_sentiments
gobi,1.0,twitter_sentiments
gondola,1.0,twitter_sentiments
gooby,1.0,twitter_sentiments
goodboy,1.0,twitter_sentiments
goodmorning3,1.0,twitter_sentiments
goofy2,1.0,twitter_sentiments
gottitoken,1.0,twitter_sentiments
gou,1.0,twitter_sentiments
gout,1.0,twitter_sentiments
gpuairich,1.0,twitter_sentiments
griffainnewhedgefund,1.0,twitter_sentiments
groggobymattfurie,1.0,twitter_sentiments
grok2,1.0,twitter_sentiments
groyper,1.0,twitter_sentiments
grumpycatcoin,1.0,twitter_sentiments
gua,1.0,twitter_sentiments
guacamole,1.0,twitter_sentiments
gummy,1.0,twitter_sentiments
h2w6gm6jz,1.0,twitter_sentiments
habibisol,1.0,twitter_sentiments
hahayes,1.0,twitter_sentiments
halforangedrinkinglemonade,1.0,twitter_sentiments
hami,1.0,twitter_sentiments
hana,1.0,twitter_sentiments
hanbao,1.0,twitter_sentiments
happycat2,1.0,twitter_sentiments
harambe2,1.0,twitter_sentiments
harold,1.0,twitter_sentiments
haroldonsol,1.0,twitter_sentiments
harrypottertrumphomersimpson777inu,1.0,twitter_sentiments
hasbullascat,1.0,twitter_sentiments
hawk2,1.0,twitter_sentiments
heeeheee,1.0,twitter_sentiments
hege,1.0,twitter_sentiments
hehecat,1.0,twitter_sentiments
hemule,1.0,twitter_sentiments
henlo,1.0,twitter_sentiments
hermythestallion,1.0,twitter_sentiments
highaf,1.0,twitter_sentiments
hisnamegort,1.0,twitter_sentiments
historyofpepe,1.0,twitter_sentiments
hogefinance,1.0,twitter_sentiments
honk,1.0,twitter_sentiments
hoppymeme,1.0,twitter_sentiments
horny,1.0,twitter_sentiments
hotdoge2,1.0,twitter_sentiments
huahua,1.0,twitter_sentiments
hund,1.0,twitter_sentiments
huskyavax,1.0,twitter_sentiments
iiiilovvvyouuuu,1.0,twitter_sentiments
ilence,1.0,twitter_sentiments
illuminaticoin,1.0,twitter_sentiments
ilovepuppies,1.0,twitter_sentiments
imnotwrongimearly,1.0,twitter_sentiments
inferno2,1.0,twitter_sentiments
infinitebackrooms,1.0,twitter_sentiments
intern,1.0,twitter_sentiments
internationalmemefund,1.0,twitter_sentiments
internosaur,1.0,twitter_sentiments
inusol,1.0,twitter_sentiments
iq50,1.0,twitter_sentiments
iq6900,1.0,twitter_sentiments
ito,1.0,twitter_sentiments
jailbreakme,1.0,twitter_sentiments
jak,1.0,twitter_sentiments
jamcat,1.0,twitter_sentiments
janrotherat,1.0,twitter_sentiments
jenhsunhuang,1.0,twitter_sentiments
jeoboden,1.0,twitter_sentiments
jesuscoin,1.0,twitter_sentiments
jewelsdagoat,1.0,twitter_sentiments
jiffpom,1.0,twitter_sentiments
jinx,1.0,twitter_sentiments
joecoin,1.0,twitter_sentiments
johnmcaifee,1.0,twitter_sentiments
johnthecoin,1.0,twitter_sentiments
joi,1.0,twitter_sentiments
jorkin,1.0,twitter_sentiments
justachillguy,1.0,twitter_sentiments
justbuy1worthofthiscoin,1.0,twitter_sentiments
justiceforpeanut,1.0,twitter_sentiments
justiceforpnutandfred,1.0,twitter_sentiments
k9financedao,1.0,twitter_sentiments
k9killedinshootout,1.0,twitter_sentiments
kaiken,1.0,twitter_sentiments
kandoai,1.0,twitter_sentiments
kappy,1.0,twitter_sentiments
katanainu,1.0,twitter_sentiments
keanu,1.0,twitter_sentiments
keepgambling,1.0,twitter_sentiments
keketerminal,1.0,twitter_sentiments
kekistan,1.0,twitter_sentiments
kekiusmaximus,1.0,twitter_sentiments
kenduinu,1.0,twitter_sentiments
keyboardcat,1.0,twitter_sentiments
khaokheowzoo,1.0,twitter_sentiments
kibainu,1.0,twitter_sentiments
kiboshib,1.0,twitter_sentiments
kiki2,1.0,twitter_sentiments
kimbo,1.0,twitter_sentiments
kira3,1.0,twitter_sentiments
kirakuru,1.0,twitter_sentiments
kittekoin,1.0,twitter_sentiments
kittenhaimer,1.0,twitter_sentiments
kizuna,1.0,twitter_sentiments
klaus,1.0,twitter_sentiments
knotdiffiehellman,1.0,twitter_sentiments
knutfromzoo,1.0,twitter_sentiments
koalaai,1.0,twitter_sentiments
kolin2,1.0,twitter_sentiments
komainu,1.0,twitter_sentiments
kotaro,1.0,twitter_sentiments
koto2,1.0,twitter_sentiments
kpopkpopfun,1.0,twitter_sentiments
kwantxbt,1.0,twitter_sentiments
kween,1.0,twitter_sentiments
kyra,1.0,twitter_sentiments
lambosforvirgins,1.0,twitter_sentiments
landwolf2,1.0,twitter_sentiments
larpdetectiveagency,1.0,twitter_sentiments
leaai,1.0,twitter_sentiments
leash,1.0,twitter_sentiments
ledogdog,1.0,twitter_sentiments
legend,1.0,twitter_sentiments
leo2,1.0,twitter_sentiments
leper,1.0,twitter_sentiments
lethimcook,1.0,twitter_sentiments
letsfarty,1.0,twitter_sentiments
letsgetthisbread,1.0,twitter_sentiments
letthatsinkin,1.0,twitter_sentiments
libra4,1.0,twitter_sentiments
lifedog,1.0,twitter_sentiments
lilyscoin,1.0,twitter_sentiments
limbo,1.0,twitter_sentiments
lingyan,1.0,twitter_sentiments
linkonsol,1.0,twitter_sentiments
lioncat,1.0,twitter_sentiments
litecoinmascot,1.0,twitter_sentiments
literallyme,1.0,twitter_sentiments
littlemanyu,1.0,twitter_sentiments
lmeow2,1.0,twitter_sentiments
loafcat,1.0,twitter_sentiments
lockin,1.0,twitter_sentiments
logosai,1.0,twitter_sentiments
lol3,1.0,twitter_sentiments
lola3,1.0,twitter_sentiments
lolcat2,1.0,twitter_sentiments
loner,1.0,twitter_sentiments
long4,1.0,twitter_sentiments
loobybystephenbliss,1.0,twitter_sentiments
lookbro,1.0,twitter_sentiments
loulou,1.0,twitter_sentiments
lovelyinufinance,1.0,twitter_sentiments
lowqualitycat,1.0,twitter_sentiments
lucedog,1.0,twitter_sentiments
luci,1.0,twitter_sentiments
luckydog,1.0,twitter_sentiments
luffyinu,1.0,twitter_sentiments
lumi3,1.0,twitter_sentiments
lunabyvirtuals,1.0,twitter_sentiments
m3m3,1.0,twitter_sentiments
mad2,1.0,twitter_sentiments
madonnadelgatto,1.0,twitter_sentiments
magaagain,1.0,twitter_sentiments
magafightfortrump,1.0,twitter_sentiments
magahat,1.0,twitter_sentiments
magaverse,1.0,twitter_sentiments
magnet2,1.0,twitter_sentiments
maincharacter,1.0,twitter_sentiments
maincharacterenergy,1.0,twitter_sentiments
majorfrog,1.0,twitter_sentiments
make,1.0,twitter_sentiments
makeamericahealthyagain,1.0,twitter_sentiments
malakai,1.0,twitter_sentiments
maneki,1.0,twitter_sentiments
manifestonsol,1.0,twitter_sentiments
mao3,1.0,twitter_sentiments
marketdominance,1.0,twitter_sentiments
markkacy,1.0,twitter_sentiments
mars2,1.0,twitter_sentiments
marvininu2,1.0,twitter_sentiments
matt0x79,1.0,twitter_sentiments
max2,1.0,twitter_sentiments
maxoneth,1.0,twitter_sentiments
maya,1.0,twitter_sentiments
mcdull,1.0,twitter_sentiments
medusa2,1.0,twitter_sentiments
mellowman,1.0,twitter_sentiments
melo,1.0,twitter_sentiments
melondog,1.0,twitter_sentiments
memeanarchicnumismaticasset,1.0,twitter_sentiments
memecoingirl,1.0,twitter_sentiments
memecoinmillionaire,1.0,twitter_sentiments
memesai,1.0,twitter_sentiments
men,1.0,twitter_sentiments
meow,1.0,twitter_sentiments
meowmeowmeowmeow,1.0,twitter_sentiments
metamonopoly,1.0,twitter_sentiments
metformin,1.0,twitter_sentiments
michicoin,1.0,twitter_sentiments
miladywifhat,1.0,twitter_sentiments
milkbag,1.0,twitter_sentiments
mimany,1.0,twitter_sentiments
mindzero,1.0,twitter_sentiments
minetardai,1.0,twitter_sentiments
minidoge3,1.0,twitter_sentiments
minimini,1.0,twitter_sentiments
mist2,1.0,twitter_sentiments
mizuki,1.0,twitter_sentiments
moai,1.0,twitter_sentiments
moe4,1.0,twitter_sentiments
moew,1.0,twitter_sentiments
monaarcane,1.0,twitter_sentiments
mongcoin,1.0,twitter_sentiments
monkeyhaircut,1.0,twitter_sentiments
monkeypox,1.0,twitter_sentiments
monkeysolinu,1.0,twitter_sentiments
moodeng2,1.0,twitter_sentiments
moonbag,1.0,twitter_sentiments
moonscape2,1.0,twitter_sentiments
morris,1.0,twitter_sentiments
morud,1.0,twitter_sentiments
moss,1.0,twitter_sentiments
moth2,1.0,twitter_sentiments
motheriggy,1.0,twitter_sentiments
mrmayonnaisethecat,1.0,twitter_sentiments
mstr2100,1.0,twitter_sentiments
mumuthebull3,1.0,twitter_sentiments
muskit,1.0,twitter_sentiments
musmecoin,1.0,twitter_sentiments
mut,1.0,twitter_sentiments
myro,1.0,twitter_sentiments
mystery2,1.0,twitter_sentiments
nailong,1.0,twitter_sentiments
naitzsche,1.0,twitter_sentiments
nakedjim,1.0,twitter_sentiments
nasdaq420,1.0,twitter_sentiments
navalai,1.0,twitter_sentiments
ndx6900,1.0,twitter_sentiments
neirei,1.0,twitter_sentiments
neiro,1.0,twitter_sentiments
neiro2,1.0,twitter_sentiments
neirooneth,1.0,twitter_sentiments
neroboss,1.0,twitter_sentiments
neversol,1.0,twitter_sentiments
newbabyelephanthoustonzoo,1.0,twitter_sentiments
newbornhaggispygmyhippo,1.0,twitter_sentiments
nightfury,1.0,twitter_sentiments
ninjasquad,1.0,twitter_sentiments
no1tiktokcat,1.0,twitter_sentiments
nomansland,1.0,twitter_sentiments
nomnom,1.0,twitter_sentiments
noods,1.0,twitter_sentiments
noooomeme,1.0,twitter_sentiments
nothing4,1.0,twitter_sentiments
novaonmars,1.0,twitter_sentiments
npconsolana,1.0,twitter_sentiments
nullmatrix,1.0,twitter_sentiments
number,1.0,twitter_sentiments
numogram,1.0,twitter_sentiments
nutcoinmeme,1.0,twitter_sentiments
nya,1.0,twitter_sentiments
nyanmemecoin,1.0,twitter_sentiments
obipnutkenobi,1.0,twitter_sentiments
obot,1.0,twitter_sentiments
offcialmascotoftheholyyear,1.0,twitter_sentiments
ogroaringkitty,1.0,twitter_sentiments
ogsminem,1.0,twitter_sentiments
okane,1.0,twitter_sentiments
omega2,1.0,twitter_sentiments
omnicat,1.0,twitter_sentiments
oneunchillgal,1.0,twitter_sentiments
optimusai,1.0,twitter_sentiments
opus2,1.0,twitter_sentiments
opxlive,1.0,twitter_sentiments
orbit3,1.0,twitter_sentiments
orc,1.0,twitter_sentiments
oscar,1.0,twitter_sentiments
pajamascat,1.0,twitter_sentiments
patriot,1.0,twitter_sentiments
peanie,1.0,twitter_sentiments
peanut2,1.0,twitter_sentiments
peanut3,1.0,twitter_sentiments
peepoeth,1.0,twitter_sentiments
peipeicoinvip,1.0,twitter_sentiments
peng,1.0,twitter_sentiments
pepe20,1.0,twitter_sentiments
pepeai2,1.0,twitter_sentiments
pepefork,1.0,twitter_sentiments
pepeinamemesworld,1.0,twitter_sentiments
pepesol,1.0,twitter_sentiments
pepethekingprawn,1.0,twitter_sentiments
pepetrump,1.0,twitter_sentiments
pepoclown,1.0,twitter_sentiments
pestothebabykingpenguin,1.0,twitter_sentiments
petunia,1.0,twitter_sentiments
phil,1.0,twitter_sentiments
pigeontech,1.0,twitter_sentiments
pikaboss,1.0,twitter_sentiments
pillzumi,1.0,twitter_sentiments
pingdog,1.0,twitter_sentiments
pino,1.0,twitter_sentiments
pippin,1.0,twitter_sentiments
pisces,1.0,twitter_sentiments
planktoninpain,1.0,twitter_sentiments
pledge2,1.0,twitter_sentiments
pnutsforsquirrel,1.0,twitter_sentiments
pnutssister,1.0,twitter_sentiments
pochita,1.0,twitter_sentiments
polydoge,1.0,twitter_sentiments
ponk2,1.0,twitter_sentiments
poochi,1.0,twitter_sentiments
popdog,1.0,twitter_sentiments
popo2,1.0,twitter_sentiments
popothefrog,1.0,twitter_sentiments
poppy,1.0,twitter_sentiments
poupe,1.0,twitter_sentiments
powsche,1.0,twitter_sentiments
praist,1.0,twitter_sentiments
presidentexe,1.0,twitter_sentiments
principalsnetwork,1.0,twitter_sentiments
project89,1.0,twitter_sentiments
projectaeon,1.0,twitter_sentiments
prophetofethereum,1.0,twitter_sentiments
puffy,1.0,twitter_sentiments
pump2,1.0,twitter_sentiments
pundu,1.0,twitter_sentiments
pupsordinals,1.0,twitter_sentiments
purplepepe,1.0,twitter_sentiments
qstar,1.0,twitter_sentiments
quantifyai,1.0,twitter_sentiments
quasar3,1.0,twitter_sentiments
ratescape,1.0,twitter_sentiments
rawr,1.0,twitter_sentiments
real2,1.0,twitter_sentiments
realisworlds,1.0,twitter_sentiments
realsmurfcat,1.0,twitter_sentiments
realworldai,1.0,twitter_sentiments
redgenesis,1.0,twitter_sentiments
redsiberianhusky,1.0,twitter_sentiments
reflectionsofdissonanceai,1.0,twitter_sentiments
rekt4,1.0,twitter_sentiments
retardio,1.0,twitter_sentiments
rex3,1.0,twitter_sentiments
ribbit2,1.0,twitter_sentiments
rifampicin,1.0,twitter_sentiments
riko,1.0,twitter_sentiments
rizo,1.0,twitter_sentiments
rizzmas,1.0,twitter_sentiments
rnttoken,1.0,twitter_sentiments
roastmaster9000,1.0,twitter_sentiments
rock3,1.0,twitter_sentiments
rockytherock,1.0,twitter_sentiments
roflcopter,1.0,twitter_sentiments
ronnie,1.0,twitter_sentiments
ropirito,1.0,twitter_sentiments
rsnoofi,1.0,twitter_sentiments
runneroneth,1.0,twitter_sentiments
ruritruthterminalscrush,1.0,twitter_sentiments
ryujin,1.0,twitter_sentiments
saadboi,1.0,twitter_sentiments
sadant,1.0,twitter_sentiments
sadhamster,1.0,twitter_sentiments
safukekgigafundz888,1.0,twitter_sentiments
sageuniverse,1.0,twitter_sentiments
sagittarius,1.0,twitter_sentiments
salvatormundi,1.0,twitter_sentiments
samoyedcoin,1.0,twitter_sentiments
santa2,1.0,twitter_sentiments
santahat,1.0,twitter_sentiments
sbrsol,1.0,twitter_sentiments
schizoterminal,1.0,twitter_sentiments
scihub,1.0,twitter_sentiments
scorpio,1.0,twitter_sentiments
scratch3,1.0,twitter_sentiments
screaminghyrax,1.0,twitter_sentiments
sealsreadytocrackpengusice,1.0,twitter_sentiments
selfiedogcoin,1.0,twitter_sentiments
send2,1.0,twitter_sentiments
sendor,1.0,twitter_sentiments
sensus,1.0,twitter_sentiments
sentientai,1.0,twitter_sentiments
sharbi,1.0,twitter_sentiments
sharkcat,1.0,twitter_sentiments
sharki,1.0,twitter_sentiments
sherises,1.0,twitter_sentiments
shibaclassic2,1.0,twitter_sentiments
shibapredator,1.0,twitter_sentiments
shibashootout,1.0,twitter_sentiments
shibawing,1.0,twitter_sentiments
shibwifhatcoin,1.0,twitter_sentiments
shifu,1.0,twitter_sentiments
shinainu,1.0,twitter_sentiments
shitcoin3,1.0,twitter_sentiments
shoggoth,1.0,twitter_sentiments
shrub,1.0,twitter_sentiments
shrub2,1.0,twitter_sentiments
sigma,1.0,twitter_sentiments
sillydragon,1.0,twitter_sentiments
sillynubcat,1.0,twitter_sentiments
simmitoken,1.0,twitter_sentiments
simsai,1.0,twitter_sentiments
singularry,1.0,twitter_sentiments
size,1.0,twitter_sentiments
skainet,1.0,twitter_sentiments
skibiditoilet2,1.0,twitter_sentiments
slop,1.0,twitter_sentiments
slopfather,1.0,twitter_sentiments
slothana,1.0,twitter_sentiments
smilingdolphin,1.0,twitter_sentiments
smokingchickenfish,1.0,twitter_sentiments
snakewifhat,1.0,twitter_sentiments
snapkero,1.0,twitter_sentiments
sofacat,1.0,twitter_sentiments
solama,1.0,twitter_sentiments
solarisai,1.0,twitter_sentiments
solcat,1.0,twitter_sentiments
solchat,1.0,twitter_sentiments
solnic,1.0,twitter_sentiments
speedy2,1.0,twitter_sentiments
spikeoneth,1.0,twitter_sentiments
spinningcat,1.0,twitter_sentiments
splashdog,1.0,twitter_sentiments
spunkysdx,1.0,twitter_sentiments
spx690020,1.0,twitter_sentiments
sqrfund,1.0,twitter_sentiments
squidgrow2,1.0,twitter_sentiments
stardoge,1.0,twitter_sentiments
starecat,1.0,twitter_sentiments
staringrobot,1.0,twitter_sentiments
stars2,1.0,twitter_sentiments
stashinu,1.0,twitter_sentiments
stick,1.0,twitter_sentiments
stonks4,1.0,twitter_sentiments
strategicbitcoinreserve,1.0,twitter_sentiments
strategichubforinnovationinblockchain,1.0,twitter_sentiments
styrosteve,1.0,twitter_sentiments
successkid,1.0,twitter_sentiments
supercyclereal,1.0,twitter_sentiments
supertrump,1.0,twitter_sentiments
suwi,1.0,twitter_sentiments
swaggy,1.0,twitter_sentiments
swarm2,1.0,twitter_sentiments
swarmnodeai,1.0,twitter_sentiments
tabman,1.0,twitter_sentiments
taoinu,1.0,twitter_sentiments
tateterminal,1.0,twitter_sentiments
taurus2,1.0,twitter_sentiments
tehepikduck,1.0,twitter_sentiments
tema,1.0,twitter_sentiments
tensorium,1.0,twitter_sentiments
terminus2,1.0,twitter_sentiments
terminus3,1.0,twitter_sentiments
terryinthetrenches,1.0,twitter_sentiments
tetsuocoin,1.0,twitter_sentiments
thalesai,1.0,twitter_sentiments
theanthropicorder,1.0,twitter_sentiments
thebalkandwarf,1.0,twitter_sentiments
theblinkingaicatcatfather,1.0,twitter_sentiments
thecat,1.0,twitter_sentiments
thedogenft,1.0,twitter_sentiments
thelastplay,1.0,twitter_sentiments
thelokiecabal,1.0,twitter_sentiments
thenuttingprofessor,1.0,twitter_sentiments
thereallandwolf,1.0,twitter_sentiments
therugcoon,1.0,twitter_sentiments
thesocietylibrary,1.0,twitter_sentiments
thesoldog,1.0,twitter_sentiments
thetickeriseth,1.0,twitter_sentiments
theydontloveyoulikeiloveyou,1.0,twitter_sentiments
toadkiller,1.0,twitter_sentiments
toadsol,1.0,twitter_sentiments
tobi,1.0,twitter_sentiments
toco,1.0,twitter_sentiments
todd,1.0,twitter_sentiments
toga,1.0,twitter_sentiments
toki2,1.0,twitter_sentiments
tomocat,1.0,twitter_sentiments
tookerkurlson,1.0,twitter_sentiments
tophat,1.0,twitter_sentiments
topprotocol,1.0,twitter_sentiments
torithecat,1.0,twitter_sentiments
torsy,1.0,twitter_sentiments
trackedbio,1.0,twitter_sentiments
trenchai,1.0,twitter_sentiments
trisigma,1.0,twitter_sentiments
trog,1.0,twitter_sentiments
troll,1.0,twitter_sentiments
trumpderangementsyndrome,1.0,twitter_sentiments
trumpiusmaximus,1.0,twitter_sentiments
trumpshuffle,1.0,twitter_sentiments
trusttheprocess,1.0,twitter_sentiments
tsotchke,1.0,twitter_sentiments
tsuba,1.0,twitter_sentiments
tuki,1.0,twitter_sentiments
uglydog,1.0,twitter_sentiments
unfk,1.0,twitter_sentiments
unicornfartdust,1.0,twitter_sentiments
universalbasiccompute,1.0,twitter_sentiments
universaloperatingsystem,1.0,twitter_sentiments
upgrates,1.0,twitter_sentiments
upsidedowncat2,1.0,twitter_sentiments
uranus3,1.0,twitter_sentiments
urolithina,1.0,twitter_sentiments
valhallaindex,1.0,twitter_sentiments
vaticanmascot,1.0,twitter_sentiments
vaultterminal,1.0,twitter_sentiments
venko,1.0,twitter_sentiments
vibecat2,1.0,twitter_sentiments
vibingcat,1.0,twitter_sentiments
virgo2,1.0,twitter_sentiments
vitai,1.0,twitter_sentiments
vitainu,1.0,twitter_sentiments
voiceartificial,1.0,twitter_sentiments
voltinu2,1.0,twitter_sentiments
voyagerai,1.0,twitter_sentiments
waffles,1.0,twitter_sentiments
wallstreetmemes,1.0,twitter_sentiments
wally,1.0,twitter_sentiments
walterdogsolana,1.0,twitter_sentiments
wassie,1.0,twitter_sentiments
wat,1.0,twitter_sentiments
waterbear,1.0,twitter_sentiments
watercoin,1.0,twitter_sentiments
wawacat,1.0,twitter_sentiments
weirdmedievalmemes,1.0,twitter_sentiments
wen4,1.0,twitter_sentiments
whatsupdog,1.0,twitter_sentiments
whinecoin,1.0,twitter_sentiments
whiskey,1.0,twitter_sentiments
why,1.0,twitter_sentiments
whyyoutouzhele,1.0,twitter_sentiments
wibwob,1.0,twitter_sentiments
wicked,1.0,twitter_sentiments
wifejak,1.0,twitter_sentiments
wildgoatcoin2,1.0,twitter_sentiments
winniethepoodle,1.0,twitter_sentiments
winterarc,1.0,twitter_sentiments
wojak,1.0,twitter_sentiments
wolfofwallstreet,1.0,twitter_sentiments
womanyellingatcat,1.0,twitter_sentiments
wooftoken,1.0,twitter_sentiments
work,1.0,twitter_sentiments
would,1.0,twitter_sentiments
wrappedayeayecoin,1.0,twitter_sentiments
wrappeddog,1.0,twitter_sentiments
wuffi,1.0,twitter_sentiments
xcommunity,1.0,twitter_sentiments
xenopuslaevis,1.0,twitter_sentiments
xingxing,1.0,twitter_sentiments
yap,1.0,twitter_sentiments
yawnsworld,1.0,twitter_sentiments
yellowpepe,1.0,twitter_sentiments
yeschad,1.0,twitter_sentiments
yne,1.0,twitter_sentiments
yousim,1.0,twitter_sentiments
yowie,1.0,twitter_sentiments
zackmorris,1.0,twitter_sentiments
zaraai,1.0,twitter_sentiments
zazu2,1.0,twitter_sentiments
zenith3,1.0,twitter_sentiments
zerebrotokenoftransformation,1.0,twitter_sentiments
zerotech,1.0,twitter_sentiments
zeus3,1.0,twitter_sentiments
zoaai,1.0,twitter_sentiments
zods,1.0,twitter_sentiments
zoomer,1.0,twitter_sentiments
zoomersol,1.0,twitter_sentiments
zyncoin2,1.0,twitter_sentiments
1guy,1.0,reddit_sentiment
1squirrel,1.0,reddit_sentiment
360noscope420blazeit,1.0,reddit_sentiment
5,1.0,reddit_sentiment
6,1.0,reddit_sentiment
888token,1.0,reddit_sentiment
abi,1.0,reddit_sentiment
achi,1.0,reddit_sentiment
acidtoad,1.0,reddit_sentiment
adillo,1.0,reddit_sentiment
agentaigo,1.0,reddit_sentiment
agenttank,1.0,reddit_sentiment
ai16z,1.0,reddit_sentiment
ai16zeliza,1.0,reddit_sentiment
aicrystalnode,1.0,reddit_sentiment
aiinu,1.0,reddit_sentiment
aimerica,1.0,reddit_sentiment
aimonicabrands,1.0,reddit_sentiment
aishellnova,1.0,reddit_sentiment
aitraderagent,1.0,reddit_sentiment
aiwarpertoken,1.0,reddit_sentiment
aiwithdaddyissues,1.0,reddit_sentiment
akiprotocol,1.0,reddit_sentiment
akitabsc,1.0,reddit_sentiment
alaska,1.0,reddit_sentiment
alchemistai,1.0,reddit_sentiment
alp,1.0,reddit_sentiment
alpaca2,1.0,reddit_sentiment
alpha3,1.0,reddit_sentiment
amaterasuomikami,1.0,reddit_sentiment
americancoin,1.0,reddit_sentiment
americapac,1.0,reddit_sentiment
analos,1.0,reddit_sentiment
andy70b,1.0,reddit_sentiment
andyman,1.0,reddit_sentiment
anitamaxwynn,1.0,reddit_sentiment
antitoken,1.0,reddit_sentiment
anyinu,1.0,reddit_sentiment
aped,1.0,reddit_sentiment
aquarius2,1.0,reddit_sentiment
aquathecoin,1.0,reddit_sentiment
arbidoge,1.0,reddit_sentiment
aries,1.0,reddit_sentiment
ariethesealion,1.0,reddit_sentiment
astheria,1.0,reddit_sentiment
astropepex,1.0,reddit_sentiment
auraonsol,1.0,reddit_sentiment
auroraterminal,1.0,reddit_sentiment
autism2,1.0,reddit_sentiment
autonomousvirtualbeings,1.0,reddit_sentiment
avaai,1.0,reddit_sentiment
avachiangmainightsafariava,1.0,reddit_sentiment
avaxhasnochill,1.0,reddit_sentiment
avocato,1.0,reddit_sentiment
axi,1.0,reddit_sentiment
babybitcoin2,1.0,reddit_sentiment
babybnb,1.0,reddit_sentiment
babydragonx,1.0,reddit_sentiment
babyneirotoken,1.0,reddit_sentiment
babypepe3,1.0,reddit_sentiment
babyshironeko,1.0,reddit_sentiment
babywen,1.0,reddit_sentiment
badcatsol,1.0,reddit_sentiment
badideaai,1.0,reddit_sentiment
ballsoffate,1.0,reddit_sentiment
bananacat,1.0,reddit_sentiment
bananaforscale,1.0,reddit_sentiment
bananaforscale2,1.0,reddit_sentiment
bananatapewall,1.0,reddit_sentiment
based,1.0,reddit_sentiment
basktfun,1.0,reddit_sentiment
beercoin2,1.0,reddit_sentiment
believeinsomething,1.0,reddit_sentiment
believeinsomething2,1.0,reddit_sentiment
belikeblob,1.0,reddit_sentiment
benthedog,1.0,reddit_sentiment
bertramthepomeranian,1.0,reddit_sentiment
beth,1.0,reddit_sentiment
betmore,1.0,reddit_sentiment
biaoonsol,1.0,reddit_sentiment
biaoqing,1.0,reddit_sentiment
big,1.0,reddit_sentiment
bigcheungus,1.0,reddit_sentiment
bigdogfink,1.0,reddit_sentiment
bigjim,1.0,reddit_sentiment
bigpharmai,1.0,reddit_sentiment
billiondollarcatrunes,1.0,reddit_sentiment
billy,1.0,reddit_sentiment
bingusthecat,1.0,reddit_sentiment
birddog,1.0,reddit_sentiment
bitbonk,1.0,reddit_sentiment
bitcat2,1.0,reddit_sentiment
bitcat3,1.0,reddit_sentiment
bitcoinact,1.0,reddit_sentiment
blackagnus,1.0,reddit_sentiment
blackunicorncorp,1.0,reddit_sentiment
blinkdotfun,1.0,reddit_sentiment
blinksgg,1.0,reddit_sentiment
blk2100,1.0,reddit_sentiment
blobanapet,1.0,reddit_sentiment
bloomspergterminal,1.0,reddit_sentiment
bobacat,1.0,reddit_sentiment
bobaoppa,1.0,reddit_sentiment
boblles,1.0,reddit_sentiment
bobocoin,1.0,reddit_sentiment
bobthesnek,1.0,reddit_sentiment
bobtoken,1.0,reddit_sentiment
bog,1.0,reddit_sentiment
bogus,1.0,reddit_sentiment
bongocat,1.0,reddit_sentiment
bonsaitoken,1.0,reddit_sentiment
booji,1.0,reddit_sentiment
boop2,1.0,reddit_sentiment
boop3,1.0,reddit_sentiment
bopcat,1.0,reddit_sentiment
bozohybrid,1.0,reddit_sentiment
brainlet2,1.0,reddit_sentiment
brainrot,1.0,reddit_sentiment
brettmemecoin,1.0,reddit_sentiment
brot,1.0,reddit_sentiment
brothecat,1.0,reddit_sentiment
bueno,1.0,reddit_sentiment
buildonbnb,1.0,reddit_sentiment
burnedfi,1.0,reddit_sentiment
buttholecoin,1.0,reddit_sentiment
buu,1.0,reddit_sentiment
byte,1.0,reddit_sentiment
cancer,1.0,reddit_sentiment
capricorn2,1.0,reddit_sentiment
carloacutis,1.0,reddit_sentiment
cas9,1.0,reddit_sentiment
catalorian,1.0,reddit_sentiment
catana,1.0,reddit_sentiment
catdog,1.0,reddit_sentiment
catecoin,1.0,reddit_sentiment
catex,1.0,reddit_sentiment
catgirl,1.0,reddit_sentiment
catownkimono,1.0,reddit_sentiment
catslap,1.0,reddit_sentiment
catwifbag,1.0,reddit_sentiment
catwifhat2,1.0,reddit_sentiment
cctv,1.0,reddit_sentiment
centience,1.0,reddit_sentiment
chadcat,1.0,reddit_sentiment
chadcoin,1.0,reddit_sentiment
chaosanddisorder,1.0,reddit_sentiment
chartreuxcat,1.0,reddit_sentiment
chatgptsmascot,1.0,reddit_sentiment
cheems,1.0,reddit_sentiment
cheese2,1.0,reddit_sentiment
cheese3,1.0,reddit_sentiment
cheeseball,1.0,reddit_sentiment
cheshiregrin,1.0,reddit_sentiment
cheyenne,1.0,reddit_sentiment
chibawan,1.0,reddit_sentiment
chillgirl,1.0,reddit_sentiment
choccymilkcat,1.0,reddit_sentiment
chonky,1.0,reddit_sentiment
chudjak,1.0,reddit_sentiment
clapcat,1.0,reddit_sentiment
claude,1.0,reddit_sentiment
coal2,1.0,reddit_sentiment
coby,1.0,reddit_sentiment
cococoin,1.0,reddit_sentiment
codergf,1.0,reddit_sentiment
codetoken,1.0,reddit_sentiment
comedian,1.0,reddit_sentiment
convo,1.0,reddit_sentiment
corgiinu2,1.0,reddit_sentiment
corn2,1.0,reddit_sentiment
costcohotdog,1.0,reddit_sentiment
crab,1.0,reddit_sentiment
crashout,1.0,reddit_sentiment
craze,1.0,reddit_sentiment
crowwithknife,1.0,reddit_sentiment
cryptoboomcoinofficial,1.0,reddit_sentiment
cryptoczar,1.0,reddit_sentiment
csi888,1.0,reddit_sentiment
cultofpepe,1.0,reddit_sentiment
cumrocket,1.0,reddit_sentiment
cupsey,1.0,reddit_sentiment
cyberdoge3,1.0,reddit_sentiment
daddychill,1.0,reddit_sentiment
daddytate,1.0,reddit_sentiment
dancingtriangle2,1.0,reddit_sentiment
darkmaga,1.0,reddit_sentiment
darksun,1.0,reddit_sentiment
dasha,1.0,reddit_sentiment
deepworm,1.0,reddit_sentiment
defrogs,1.0,reddit_sentiment
degenspartanai,1.0,reddit_sentiment
dejitarutsuka,1.0,reddit_sentiment
departmentofgovefficiency,1.0,reddit_sentiment
departmentofgovernmentefficiency3,1.0,reddit_sentiment
derdaku,1.0,reddit_sentiment
devinonsolana,1.0,reddit_sentiment
dingocoin,1.0,reddit_sentiment
dinolfg,1.0,reddit_sentiment
divinelyprotected,1.0,reddit_sentiment
dogaiwtf,1.0,reddit_sentiment
dogami,1.0,reddit_sentiment
dogc,1.0,reddit_sentiment
doge,1.0,reddit_sentiment
dogebonk,1.0,reddit_sentiment
dogecast,1.0,reddit_sentiment
dogecast2,1.0,reddit_sentiment
dogefather2,1.0,reddit_sentiment
dogefather3,1.0,reddit_sentiment
dogejonesindustrialaverage,1.0,reddit_sentiment
dogemascotshibu,1.0,reddit_sentiment
dogemojionsolana,1.0,reddit_sentiment
dogeonsolana,1.0,reddit_sentiment
dogfoodtoken,1.0,reddit_sentiment
doggo3,1.0,reddit_sentiment
doggoinu,1.0,reddit_sentiment
doginhood,1.0,reddit_sentiment
doginthpool,1.0,reddit_sentiment
doglibre,1.0,reddit_sentiment
dogwifnuchucks,1.0,reddit_sentiment
dogwithappleinmouth,1.0,reddit_sentiment
dolanduck,1.0,reddit_sentiment
dollarmoon2,1.0,reddit_sentiment
dolosthebully,1.0,reddit_sentiment
donaldtremp,1.0,reddit_sentiment
dontbuyinu,1.0,reddit_sentiment
dontdie,1.0,reddit_sentiment
dorklord2,1.0,reddit_sentiment
dotcom,1.0,reddit_sentiment
draggycto,1.0,reddit_sentiment
drip,1.0,reddit_sentiment
drpepeai,1.0,reddit_sentiment
duckai,1.0,reddit_sentiment
duckthedoug,1.0,reddit_sentiment
ducky,1.0,reddit_sentiment
duko,1.0,reddit_sentiment
eagleoftruth,1.0,reddit_sentiment
earl,1.0,reddit_sentiment
effectiveaccelerationism,1.0,reddit_sentiment
eggdog,1.0,reddit_sentiment
elgato,1.0,reddit_sentiment
eliza,1.0,reddit_sentiment
elon,1.0,reddit_sentiment
eloniatrump,1.0,reddit_sentiment
elonrwa,1.0,reddit_sentiment
elonspetsnail,1.0,reddit_sentiment
elsapopepe,1.0,reddit_sentiment
endfederalreserve,1.0,reddit_sentiment
enkrypto,1.0,reddit_sentiment
estee,1.0,reddit_sentiment
ethbull,1.0,reddit_sentiment
ethereumisgood,1.0,reddit_sentiment
evan2,1.0,reddit_sentiment
expert_money,1.0,reddit_sentiment
eyeearn,1.0,reddit_sentiment
fairfun,1.0,reddit_sentiment
faml,1.0,reddit_sentiment
fatgf,1.0,reddit_sentiment
feces,1.0,reddit_sentiment
fefeoneth,1.0,reddit_sentiment
fegtoken2,1.0,reddit_sentiment
feistydogenft,1.0,reddit_sentiment
fighttomaga,1.0,reddit_sentiment
fijiexe,1.0,reddit_sentiment
fine2,1.0,reddit_sentiment
firstconvictedraccon,1.0,reddit_sentiment
firstreply,1.0,reddit_sentiment
fishkoin,1.0,reddit_sentiment
fisttrumppump,1.0,reddit_sentiment
flatearthcoin,1.0,reddit_sentiment
flaviaisonline,1.0,reddit_sentiment
fleabone,1.0,reddit_sentiment
floofnoodles,1.0,reddit_sentiment
floos,1.0,reddit_sentiment
floppacat,1.0,reddit_sentiment
florkcto,1.0,reddit_sentiment
flowerai,1.0,reddit_sentiment
fofar,1.0,reddit_sentiment
fomo3d,1.0,reddit_sentiment
fomoradioai,1.0,reddit_sentiment
forest,1.0,reddit_sentiment
forky2,1.0,reddit_sentiment
freeshaynecoplan,1.0,reddit_sentiment
freespeech2,1.0,reddit_sentiment
frensofelon,1.0,reddit_sentiment
fric,1.0,reddit_sentiment
frodothevirtualsamurai,1.0,reddit_sentiment
frog3,1.0,reddit_sentiment
frogevip,1.0,reddit_sentiment
frox,1.0,reddit_sentiment
fu,1.0,reddit_sentiment
fug,1.0,reddit_sentiment
fug2,1.0,reddit_sentiment
fuku2,1.0,reddit_sentiment
furnancialadvisor,1.0,reddit_sentiment
fxn,1.0,reddit_sentiment
gamestop,1.0,reddit_sentiment
gameswift,1.0,reddit_sentiment
gdog,1.0,reddit_sentiment
gegagedigedagedago,1.0,reddit_sentiment
gemini2,1.0,reddit_sentiment
gemxbt,1.0,reddit_sentiment
generationalwealth3,1.0,reddit_sentiment
genzquant,1.0,reddit_sentiment
gikocat,1.0,reddit_sentiment
ginnan,1.0,reddit_sentiment
ginnanthecat,1.0,reddit_sentiment
glorp,1.0,reddit_sentiment
glp1,1.0,reddit_sentiment
gluteusmaximusbyvirtuals,1.0,reddit_sentiment
gme,1.0,reddit_sentiment
gmika,1.0,reddit_sentiment
goatseusactii,1.0,reddit_sentiment
gobi,1.0,reddit_sentiment
gondola,1.0,reddit_sentiment
gooby,1.0,reddit_sentiment
goodboy,1.0,reddit_sentiment
goodmorning3,1.0,reddit_sentiment
goofy2,1.0,reddit_sentiment
gottitoken,1.0,reddit_sentiment
gou,1.0,reddit_sentiment
gout,1.0,reddit_sentiment
gpuairich,1.0,reddit_sentiment
griffainnewhedgefund,1.0,reddit_sentiment
groggobymattfurie,1.0,reddit_sentiment
grok2,1.0,reddit_sentiment
groyper,1.0,reddit_sentiment
grumpycatcoin,1.0,reddit_sentiment
gua,1.0,reddit_sentiment
guacamole,1.0,reddit_sentiment
gummy,1.0,reddit_sentiment
h2w6gm6jz,1.0,reddit_sentiment
habibisol,1.0,reddit_sentiment
hahayes,1.0,reddit_sentiment
halforangedrinkinglemonade,1.0,reddit_sentiment
hami,1.0,reddit_sentiment
hana,1.0,reddit_sentiment
hanbao,1.0,reddit_sentiment
happycat2,1.0,reddit_sentiment
harambe2,1.0,reddit_sentiment
harold,1.0,reddit_sentiment
haroldonsol,1.0,reddit_sentiment
harrypottertrumphomersimpson777inu,1.0,reddit_sentiment
hasbullascat,1.0,reddit_sentiment
hawk2,1.0,reddit_sentiment
heeeheee,1.0,reddit_sentiment
hege,1.0,reddit_sentiment
hehecat,1.0,reddit_sentiment
hemule,1.0,reddit_sentiment
henlo,1.0,reddit_sentiment
hermythestallion,1.0,reddit_sentiment
highaf,1.0,reddit_sentiment
hisnamegort,1.0,reddit_sentiment
historyofpepe,1.0,reddit_sentiment
hogefinance,1.0,reddit_sentiment
honk,1.0,reddit_sentiment
hoppymeme,1.0,reddit_sentiment
horny,1.0,reddit_sentiment
hotdoge2,1.0,reddit_sentiment
huahua,1.0,reddit_sentiment
hund,1.0,reddit_sentiment
huskyavax,1.0,reddit_sentiment
iiiilovvvyouuuu,1.0,reddit_sentiment
ilence,1.0,reddit_sentiment
illuminaticoin,1.0,reddit_sentiment
ilovepuppies,1.0,reddit_sentiment
imnotwrongimearly,1.0,reddit_sentiment
inferno2,1.0,reddit_sentiment
infinitebackrooms,1.0,reddit_sentiment
intern,1.0,reddit_sentiment
internationalmemefund,1.0,reddit_sentiment
internosaur,1.0,reddit_sentiment
inusol,1.0,reddit_sentiment
iq50,1.0,reddit_sentiment
iq6900,1.0,reddit_sentiment
ito,1.0,reddit_sentiment
jailbreakme,1.0,reddit_sentiment
jak,1.0,reddit_sentiment
jamcat,1.0,reddit_sentiment
janrotherat,1.0,reddit_sentiment
jenhsunhuang,1.0,reddit_sentiment
jeoboden,1.0,reddit_sentiment
jesuscoin,1.0,reddit_sentiment
jewelsdagoat,1.0,reddit_sentiment
jiffpom,1.0,reddit_sentiment
jinx,1.0,reddit_sentiment
joecoin,1.0,reddit_sentiment
johnmcaifee,1.0,reddit_sentiment
johnthecoin,1.0,reddit_sentiment
joi,1.0,reddit_sentiment
jorkin,1.0,reddit_sentiment
justachillguy,1.0,reddit_sentiment
justbuy1worthofthiscoin,1.0,reddit_sentiment
justiceforpeanut,1.0,reddit_sentiment
justiceforpnutandfred,1.0,reddit_sentiment
k9financedao,1.0,reddit_sentiment
k9killedinshootout,1.0,reddit_sentiment
kaiken,1.0,reddit_sentiment
kandoai,1.0,reddit_sentiment
kappy,1.0,reddit_sentiment
katanainu,1.0,reddit_sentiment
keanu,1.0,reddit_sentiment
keepgambling,1.0,reddit_sentiment
keketerminal,1.0,reddit_sentiment
kekistan,1.0,reddit_sentiment
kekiusmaximus,1.0,reddit_sentiment
kenduinu,1.0,reddit_sentiment
keyboardcat,1.0,reddit_sentiment
khaokheowzoo,1.0,reddit_sentiment
kibainu,1.0,reddit_sentiment
kiboshib,1.0,reddit_sentiment
kiki2,1.0,reddit_sentiment
kimbo,1.0,reddit_sentiment
kira3,1.0,reddit_sentiment
kirakuru,1.0,reddit_sentiment
kittekoin,1.0,reddit_sentiment
kittenhaimer,1.0,reddit_sentiment
kizuna,1.0,reddit_sentiment
klaus,1.0,reddit_sentiment
knotdiffiehellman,1.0,reddit_sentiment
knutfromzoo,1.0,reddit_sentiment
koalaai,1.0,reddit_sentiment
kolin2,1.0,reddit_sentiment
komainu,1.0,reddit_sentiment
kotaro,1.0,reddit_sentiment
koto2,1.0,reddit_sentiment
kpopkpopfun,1.0,reddit_sentiment
kwantxbt,1.0,reddit_sentiment
kween,1.0,reddit_sentiment
kyra,1.0,reddit_sentiment
lambosforvirgins,1.0,reddit_sentiment
landwolf2,1.0,reddit_sentiment
larpdetectiveagency,1.0,reddit_sentiment
leaai,1.0,reddit_sentiment
leash,1.0,reddit_sentiment
ledogdog,1.0,reddit_sentiment
legend,1.0,reddit_sentiment
leo2,1.0,reddit_sentiment
leper,1.0,reddit_sentiment
lethimcook,1.0,reddit_sentiment
letsfarty,1.0,reddit_sentiment
letsgetthisbread,1.0,reddit_sentiment
letthatsinkin,1.0,reddit_sentiment
libra4,1.0,reddit_sentiment
lifedog,1.0,reddit_sentiment
lilyscoin,1.0,reddit_sentiment
limbo,1.0,reddit_sentiment
lingyan,1.0,reddit_sentiment
linkonsol,1.0,reddit_sentiment
lioncat,1.0,reddit_sentiment
litecoinmascot,1.0,reddit_sentiment
literallyme,1.0,reddit_sentiment
littlemanyu,1.0,reddit_sentiment
lmeow2,1.0,reddit_sentiment
loafcat,1.0,reddit_sentiment
lockin,1.0,reddit_sentiment
logosai,1.0,reddit_sentiment
lol3,1.0,reddit_sentiment
lola3,1.0,reddit_sentiment
lolcat2,1.0,reddit_sentiment
loner,1.0,reddit_sentiment
long4,1.0,reddit_sentiment
loobybystephenbliss,1.0,reddit_sentiment
lookbro,1.0,reddit_sentiment
loulou,1.0,reddit_sentiment
lovelyinufinance,1.0,reddit_sentiment
lowqualitycat,1.0,reddit_sentiment
lucedog,1.0,reddit_sentiment
luci,1.0,reddit_sentiment
luckydog,1.0,reddit_sentiment
luffyinu,1.0,reddit_sentiment
lumi3,1.0,reddit_sentiment
lunabyvirtuals,1.0,reddit_sentiment
m3m3,1.0,reddit_sentiment
mad2,1.0,reddit_sentiment
madonnadelgatto,1.0,reddit_sentiment
magaagain,1.0,reddit_sentiment
magafightfortrump,1.0,reddit_sentiment
magahat,1.0,reddit_sentiment
magaverse,1.0,reddit_sentiment
magnet2,1.0,reddit_sentiment
maincharacter,1.0,reddit_sentiment
maincharacterenergy,1.0,reddit_sentiment
majorfrog,1.0,reddit_sentiment
make,1.0,reddit_sentiment
makeamericahealthyagain,1.0,reddit_sentiment
malakai,1.0,reddit_sentiment
maneki,1.0,reddit_sentiment
manifestonsol,1.0,reddit_sentiment
mao3,1.0,reddit_sentiment
marketdominance,1.0,reddit_sentiment
markkacy,1.0,reddit_sentiment
mars2,1.0,reddit_sentiment
marvininu2,1.0,reddit_sentiment
matt0x79,1.0,reddit_sentiment
max2,1.0,reddit_sentiment
maxoneth,1.0,reddit_sentiment
maya,1.0,reddit_sentiment
mcdull,1.0,reddit_sentiment
medusa2,1.0,reddit_sentiment
mellowman,1.0,reddit_sentiment
melo,1.0,reddit_sentiment
melondog,1.0,reddit_sentiment
memeanarchicnumismaticasset,1.0,reddit_sentiment
memecoingirl,1.0,reddit_sentiment
memecoinmillionaire,1.0,reddit_sentiment
memesai,1.0,reddit_sentiment
men,1.0,reddit_sentiment
meow,1.0,reddit_sentiment
meowmeowmeowmeow,1.0,reddit_sentiment
metamonopoly,1.0,reddit_sentiment
metformin,1.0,reddit_sentiment
michicoin,1.0,reddit_sentiment
miladywifhat,1.0,reddit_sentiment
milkbag,1.0,reddit_sentiment
mimany,1.0,reddit_sentiment
mindzero,1.0,reddit_sentiment
minetardai,1.0,reddit_sentiment
minidoge3,1.0,reddit_sentiment
minimini,1.0,reddit_sentiment
mist2,1.0,reddit_sentiment
mizuki,1.0,reddit_sentiment
moai,1.0,reddit_sentiment
moe4,1.0,reddit_sentiment
moew,1.0,reddit_sentiment
monaarcane,1.0,reddit_sentiment
mongcoin,1.0,reddit_sentiment
monkeyhaircut,1.0,reddit_sentiment
monkeypox,1.0,reddit_sentiment
monkeysolinu,1.0,reddit_sentiment
moodeng2,1.0,reddit_sentiment
moonbag,1.0,reddit_sentiment
moonscape2,1.0,reddit_sentiment
morris,1.0,reddit_sentiment
morud,1.0,reddit_sentiment
moss,1.0,reddit_sentiment
moth2,1.0,reddit_sentiment
motheriggy,1.0,reddit_sentiment
mrmayonnaisethecat,1.0,reddit_sentiment
mstr2100,1.0,reddit_sentiment
mumuthebull3,1.0,reddit_sentiment
muskit,1.0,reddit_sentiment
musmecoin,1.0,reddit_sentiment
mut,1.0,reddit_sentiment
myro,1.0,reddit_sentiment
mystery2,1.0,reddit_sentiment
nailong,1.0,reddit_sentiment
naitzsche,1.0,reddit_sentiment
nakedjim,1.0,reddit_sentiment
nasdaq420,1.0,reddit_sentiment
navalai,1.0,reddit_sentiment
ndx6900,1.0,reddit_sentiment
neirei,1.0,reddit_sentiment
neiro,1.0,reddit_sentiment
neiro2,1.0,reddit_sentiment
neirooneth,1.0,reddit_sentiment
neroboss,1.0,reddit_sentiment
neversol,1.0,reddit_sentiment
newbabyelephanthoustonzoo,1.0,reddit_sentiment
newbornhaggispygmyhippo,1.0,reddit_sentiment
nightfury,1.0,reddit_sentiment
ninjasquad,1.0,reddit_sentiment
no1tiktokcat,1.0,reddit_sentiment
nomansland,1.0,reddit_sentiment
nomnom,1.0,reddit_sentiment
noods,1.0,reddit_sentiment
noooomeme,1.0,reddit_sentiment
nothing4,1.0,reddit_sentiment
novaonmars,1.0,reddit_sentiment
npconsolana,1.0,reddit_sentiment
nullmatrix,1.0,reddit_sentiment
number,1.0,reddit_sentiment
numogram,1.0,reddit_sentiment
nutcoinmeme,1.0,reddit_sentiment
nya,1.0,reddit_sentiment
nyanmemecoin,1.0,reddit_sentiment
obipnutkenobi,1.0,reddit_sentiment
obot,1.0,reddit_sentiment
offcialmascotoftheholyyear,1.0,reddit_sentiment
ogroaringkitty,1.0,reddit_sentiment
ogsminem,1.0,reddit_sentiment
okane,1.0,reddit_sentiment
omega2,1.0,reddit_sentiment
omnicat,1.0,reddit_sentiment
oneunchillgal,1.0,reddit_sentiment
optimusai,1.0,reddit_sentiment
opus2,1.0,reddit_sentiment
opxlive,1.0,reddit_sentiment
orbit3,1.0,reddit_sentiment
orc,1.0,reddit_sentiment
oscar,1.0,reddit_sentiment
pajamascat,1.0,reddit_sentiment
patriot,1.0,reddit_sentiment
peanie,1.0,reddit_sentiment
peanut2,1.0,reddit_sentiment
peanut3,1.0,reddit_sentiment
peepoeth,1.0,reddit_sentiment
peipeicoinvip,1.0,reddit_sentiment
peng,1.0,reddit_sentiment
pepe20,1.0,reddit_sentiment
pepeai2,1.0,reddit_sentiment
pepefork,1.0,reddit_sentiment
pepeinamemesworld,1.0,reddit_sentiment
pepesol,1.0,reddit_sentiment
pepethekingprawn,1.0,reddit_sentiment
pepetrump,1.0,reddit_sentiment
pepoclown,1.0,reddit_sentiment
pestothebabykingpenguin,1.0,reddit_sentiment
petunia,1.0,reddit_sentiment
phil,1.0,reddit_sentiment
pigeontech,1.0,reddit_sentiment
pikaboss,1.0,reddit_sentiment
pillzumi,1.0,reddit_sentiment
pingdog,1.0,reddit_sentiment
pino,1.0,reddit_sentiment
pippin,1.0,reddit_sentiment
pisces,1.0,reddit_sentiment
planktoninpain,1.0,reddit_sentiment
pledge2,1.0,reddit_sentiment
pnutsforsquirrel,1.0,reddit_sentiment
pnutssister,1.0,reddit_sentiment
pochita,1.0,reddit_sentiment
polydoge,1.0,reddit_sentiment
ponk2,1.0,reddit_sentiment
poochi,1.0,reddit_sentiment
popdog,1.0,reddit_sentiment
popo2,1.0,reddit_sentiment
popothefrog,1.0,reddit_sentiment
poppy,1.0,reddit_sentiment
poupe,1.0,reddit_sentiment
powsche,1.0,reddit_sentiment
praist,1.0,reddit_sentiment
presidentexe,1.0,reddit_sentiment
principalsnetwork,1.0,reddit_sentiment
project89,1.0,reddit_sentiment
projectaeon,1.0,reddit_sentiment
prophetofethereum,1.0,reddit_sentiment
puffy,1.0,reddit_sentiment
pump2,1.0,reddit_sentiment
pundu,1.0,reddit_sentiment
pupsordinals,1.0,reddit_sentiment
purplepepe,1.0,reddit_sentiment
qstar,1.0,reddit_sentiment
quantifyai,1.0,reddit_sentiment
quasar3,1.0,reddit_sentiment
ratescape,1.0,reddit_sentiment
rawr,1.0,reddit_sentiment
real2,1.0,reddit_sentiment
realisworlds,1.0,reddit_sentiment
realsmurfcat,1.0,reddit_sentiment
realworldai,1.0,reddit_sentiment
redgenesis,1.0,reddit_sentiment
redsiberianhusky,1.0,reddit_sentiment
reflectionsofdissonanceai,1.0,reddit_sentiment
rekt4,1.0,reddit_sentiment
retardio,1.0,reddit_sentiment
rex3,1.0,reddit_sentiment
ribbit2,1.0,reddit_sentiment
rifampicin,1.0,reddit_sentiment
riko,1.0,reddit_sentiment
rizo,1.0,reddit_sentiment
rizzmas,1.0,reddit_sentiment
rnttoken,1.0,reddit_sentiment
roastmaster9000,1.0,reddit_sentiment
rock3,1.0,reddit_sentiment
rockytherock,1.0,reddit_sentiment
roflcopter,1.0,reddit_sentiment
ronnie,1.0,reddit_sentiment
ropirito,1.0,reddit_sentiment
rsnoofi,1.0,reddit_sentiment
runneroneth,1.0,reddit_sentiment
ruritruthterminalscrush,1.0,reddit_sentiment
ryujin,1.0,reddit_sentiment
saadboi,1.0,reddit_sentiment
sadant,1.0,reddit_sentiment
sadhamster,1.0,reddit_sentiment
safukekgigafundz888,1.0,reddit_sentiment
sageuniverse,1.0,reddit_sentiment
sagittarius,1.0,reddit_sentiment
salvatormundi,1.0,reddit_sentiment
samoyedcoin,1.0,reddit_sentiment
santa2,1.0,reddit_sentiment
santahat,1.0,reddit_sentiment
sbrsol,1.0,reddit_sentiment
schizoterminal,1.0,reddit_sentiment
scihub,1.0,reddit_sentiment
scorpio,1.0,reddit_sentiment
scratch3,1.0,reddit_sentiment
screaminghyrax,1.0,reddit_sentiment
sealsreadytocrackpengusice,1.0,reddit_sentiment
selfiedogcoin,1.0,reddit_sentiment
send2,1.0,reddit_sentiment
sendor,1.0,reddit_sentiment
sensus,1.0,reddit_sentiment
sentientai,1.0,reddit_sentiment
sharbi,1.0,reddit_sentiment
sharkcat,1.0,reddit_sentiment
sharki,1.0,reddit_sentiment
sherises,1.0,reddit_sentiment
shibaclassic2,1.0,reddit_sentiment
shibapredator,1.0,reddit_sentiment
shibashootout,1.0,reddit_sentiment
shibawing,1.0,reddit_sentiment
shibwifhatcoin,1.0,reddit_sentiment
shifu,1.0,reddit_sentiment
shinainu,1.0,reddit_sentiment
shitcoin3,1.0,reddit_sentiment
shoggoth,1.0,reddit_sentiment
shrub,1.0,reddit_sentiment
shrub2,1.0,reddit_sentiment
sigma,1.0,reddit_sentiment
sillydragon,1.0,reddit_sentiment
sillynubcat,1.0,reddit_sentiment
simmitoken,1.0,reddit_sentiment
simsai,1.0,reddit_sentiment
singularry,1.0,reddit_sentiment
size,1.0,reddit_sentiment
skainet,1.0,reddit_sentiment
skibiditoilet2,1.0,reddit_sentiment
slop,1.0,reddit_sentiment
slopfather,1.0,reddit_sentiment
slothana,1.0,reddit_sentiment
smilingdolphin,1.0,reddit_sentiment
smokingchickenfish,1.0,reddit_sentiment
snakewifhat,1.0,reddit_sentiment
snapkero,1.0,reddit_sentiment
sofacat,1.0,reddit_sentiment
solama,1.0,reddit_sentiment
solarisai,1.0,reddit_sentiment
solcat,1.0,reddit_sentiment
solchat,1.0,reddit_sentiment
solnic,1.0,reddit_sentiment
speedy2,1.0,reddit_sentiment
spikeoneth,1.0,reddit_sentiment
spinningcat,1.0,reddit_sentiment
splashdog,1.0,reddit_sentiment
spunkysdx,1.0,reddit_sentiment
spx690020,1.0,reddit_sentiment
sqrfund,1.0,reddit_sentiment
squidgrow2,1.0,reddit_sentiment
stardoge,1.0,reddit_sentiment
starecat,1.0,reddit_sentiment
staringrobot,1.0,reddit_sentiment
stars2,1.0,reddit_sentiment
stashinu,1.0,reddit_sentiment
stick,1.0,reddit_sentiment
stonks4,1.0,reddit_sentiment
strategicbitcoinreserve,1.0,reddit_sentiment
strategichubforinnovationinblockchain,1.0,reddit_sentiment
styrosteve,1.0,reddit_sentiment
successkid,1.0,reddit_sentiment
supercyclereal,1.0,reddit_sentiment
supertrump,1.0,reddit_sentiment
suwi,1.0,reddit_sentiment
swaggy,1.0,reddit_sentiment
swarm2,1.0,reddit_sentiment
swarmnodeai,1.0,reddit_sentiment
tabman,1.0,reddit_sentiment
taoinu,1.0,reddit_sentiment
tateterminal,1.0,reddit_sentiment
taurus2,1.0,reddit_sentiment
tehepikduck,1.0,reddit_sentiment
tema,1.0,reddit_sentiment
tensorium,1.0,reddit_sentiment
terminus2,1.0,reddit_sentiment
terminus3,1.0,reddit_sentiment
terryinthetrenches,1.0,reddit_sentiment
tetsuocoin,1.0,reddit_sentiment
thalesai,1.0,reddit_sentiment
theanthropicorder,1.0,reddit_sentiment
thebalkandwarf,1.0,reddit_sentiment
theblinkingaicatcatfather,1.0,reddit_sentiment
thecat,1.0,reddit_sentiment
thedogenft,1.0,reddit_sentiment
thelastplay,1.0,reddit_sentiment
thelokiecabal,1.0,reddit_sentiment
thenuttingprofessor,1.0,reddit_sentiment
thereallandwolf,1.0,reddit_sentiment
therugcoon,1.0,reddit_sentiment
thesocietylibrary,1.0,reddit_sentiment
thesoldog,1.0,reddit_sentiment
thetickeriseth,1.0,reddit_sentiment
theydontloveyoulikeiloveyou,1.0,reddit_sentiment
toadkiller,1.0,reddit_sentiment
toadsol,1.0,reddit_sentiment
tobi,1.0,reddit_sentiment
toco,1.0,reddit_sentiment
todd,1.0,reddit_sentiment
toga,1.0,reddit_sentiment
toki2,1.0,reddit_sentiment
tomocat,1.0,reddit_sentiment
tookerkurlson,1.0,reddit_sentiment
tophat,1.0,reddit_sentiment
topprotocol,1.0,reddit_sentiment
torithecat,1.0,reddit_sentiment
torsy,1.0,reddit_sentiment
trackedbio,1.0,reddit_sentiment
trenchai,1.0,reddit_sentiment
trisigma,1.0,reddit_sentiment
trog,1.0,reddit_sentiment
troll,1.0,reddit_sentiment
trumpderangementsyndrome,1.0,reddit_sentiment
trumpiusmaximus,1.0,reddit_sentiment
trumpshuffle,1.0,reddit_sentiment
trusttheprocess,1.0,reddit_sentiment
tsotchke,1.0,reddit_sentiment
tsuba,1.0,reddit_sentiment
tuki,1.0,reddit_sentiment
uglydog,1.0,reddit_sentiment
unfk,1.0,reddit_sentiment
unicornfartdust,1.0,reddit_sentiment
universalbasiccompute,1.0,reddit_sentiment
universaloperatingsystem,1.0,reddit_sentiment
upgrates,1.0,reddit_sentiment
upsidedowncat2,1.0,reddit_sentiment
uranus3,1.0,reddit_sentiment
urolithina,1.0,reddit_sentiment
valhallaindex,1.0,reddit_sentiment
vaticanmascot,1.0,reddit_sentiment
vaultterminal,1.0,reddit_sentiment
venko,1.0,reddit_sentiment
vibecat2,1.0,reddit_sentiment
vibingcat,1.0,reddit_sentiment
virgo2,1.0,reddit_sentiment
vitai,1.0,reddit_sentiment
vitainu,1.0,reddit_sentiment
voiceartificial,1.0,reddit_sentiment
voltinu2,1.0,reddit_sentiment
voyagerai,1.0,reddit_sentiment
waffles,1.0,reddit_sentiment
wallstreetmemes,1.0,reddit_sentiment
wally,1.0,reddit_sentiment
walterdogsolana,1.0,reddit_sentiment
wassie,1.0,reddit_sentiment
wat,1.0,reddit_sentiment
waterbear,1.0,reddit_sentiment
watercoin,1.0,reddit_sentiment
wawacat,1.0,reddit_sentiment
weirdmedievalmemes,1.0,reddit_sentiment
wen4,1.0,reddit_sentiment
whatsupdog,1.0,reddit_sentiment
whinecoin,1.0,reddit_sentiment
whiskey,1.0,reddit_sentiment
why,1.0,reddit_sentiment
whyyoutouzhele,1.0,reddit_sentiment
wibwob,1.0,reddit_sentiment
wicked,1.0,reddit_sentiment
wifejak,1.0,reddit_sentiment
wildgoatcoin2,1.0,reddit_sentiment
winniethepoodle,1.0,reddit_sentiment
winterarc,1.0,reddit_sentiment
wojak,1.0,reddit_sentiment
wolfofwallstreet,1.0,reddit_sentiment
womanyellingatcat,1.0,reddit_sentiment
wooftoken,1.0,reddit_sentiment
work,1.0,reddit_sentiment
would,1.0,reddit_sentiment
wrappedayeayecoin,1.0,reddit_sentiment
wrappeddog,1.0,reddit_sentiment
wuffi,1.0,reddit_sentiment
xcommunity,1.0,reddit_sentiment
xenopuslaevis,1.0,reddit_sentiment
xingxing,1.0,reddit_sentiment
yap,1.0,reddit_sentiment
yawnsworld,1.0,reddit_sentiment
yellowpepe,1.0,reddit_sentiment
yeschad,1.0,reddit_sentiment
yne,1.0,reddit_sentiment
yousim,1.0,reddit_sentiment
yowie,1.0,reddit_sentiment
zackmorris,1.0,reddit_sentiment
zaraai,1.0,reddit_sentiment
zazu2,1.0,reddit_sentiment
zenith3,1.0,reddit_sentiment
zerebrotokenoftransformation,1.0,reddit_sentiment
zerotech,1.0,reddit_sentiment
zeus3,1.0,reddit_sentiment
zoaai,1.0,reddit_sentiment
zods,1.0,reddit_sentiment
zoomer,1.0,reddit_sentiment
zoomersol,1.0,reddit_sentiment
zyncoin2,1.0,reddit_sentiment
1guy,1.0,telegram_sentiment
1squirrel,1.0,telegram_sentiment
360noscope420blazeit,1.0,telegram_sentiment
5,1.0,telegram_sentiment
6,1.0,telegram_sentiment
888token,1.0,telegram_sentiment
abi,1.0,telegram_sentiment
achi,1.0,telegram_sentiment
acidtoad,1.0,telegram_sentiment
adillo,1.0,telegram_sentiment
agentaigo,1.0,telegram_sentiment
agenttank,1.0,telegram_sentiment
ai16z,1.0,telegram_sentiment
ai16zeliza,1.0,telegram_sentiment
aicrystalnode,1.0,telegram_sentiment
aiinu,1.0,telegram_sentiment
aimerica,1.0,telegram_sentiment
aimonicabrands,1.0,telegram_sentiment
aishellnova,1.0,telegram_sentiment
aitraderagent,1.0,telegram_sentiment
aiwarpertoken,1.0,telegram_sentiment
aiwithdaddyissues,1.0,telegram_sentiment
akiprotocol,1.0,telegram_sentiment
akitabsc,1.0,telegram_sentiment
alaska,1.0,telegram_sentiment
alchemistai,1.0,telegram_sentiment
alp,1.0,telegram_sentiment
alpaca2,1.0,telegram_sentiment
alpha3,1.0,telegram_sentiment
amaterasuomikami,1.0,telegram_sentiment
americancoin,1.0,telegram_sentiment
americapac,1.0,telegram_sentiment
analos,1.0,telegram_sentiment
andy70b,1.0,telegram_sentiment
andyman,1.0,telegram_sentiment
anitamaxwynn,1.0,telegram_sentiment
antitoken,1.0,telegram_sentiment
anyinu,1.0,telegram_sentiment
aped,1.0,telegram_sentiment
aquarius2,1.0,telegram_sentiment
aquathecoin,1.0,telegram_sentiment
arbidoge,1.0,telegram_sentiment
aries,1.0,telegram_sentiment
ariethesealion,1.0,telegram_sentiment
astheria,1.0,telegram_sentiment
astropepex,1.0,telegram_sentiment
auraonsol,1.0,telegram_sentiment
auroraterminal,1.0,telegram_sentiment
autism2,1.0,telegram_sentiment
autonomousvirtualbeings,1.0,telegram_sentiment
avaai,1.0,telegram_sentiment
avachiangmainightsafariava,1.0,telegram_sentiment
avaxhasnochill,1.0,telegram_sentiment
avocato,1.0,telegram_sentiment
axi,1.0,telegram_sentiment
babybitcoin2,1.0,telegram_sentiment
babybnb,1.0,telegram_sentiment
babydragonx,1.0,telegram_sentiment
babyneirotoken,1.0,telegram_sentiment
babypepe3,1.0,telegram_sentiment
babyshironeko,1.0,telegram_sentiment
babywen,1.0,telegram_sentiment
badcatsol,1.0,telegram_sentiment
badideaai,1.0,telegram_sentiment
ballsoffate,1.0,telegram_sentiment
bananacat,1.0,telegram_sentiment
bananaforscale,1.0,telegram_sentiment
bananaforscale2,1.0,telegram_sentiment
bananatapewall,1.0,telegram_sentiment
based,1.0,telegram_sentiment
basktfun,1.0,telegram_sentiment
beercoin2,1.0,telegram_sentiment
believeinsomething,1.0,telegram_sentiment
believeinsomething2,1.0,telegram_sentiment
belikeblob,1.0,telegram_sentiment
benthedog,1.0,telegram_sentiment
bertramthepomeranian,1.0,telegram_sentiment
beth,1.0,telegram_sentiment
betmore,1.0,telegram_sentiment
biaoonsol,1.0,telegram_sentiment
biaoqing,1.0,telegram_sentiment
big,1.0,telegram_sentiment
bigcheungus,1.0,telegram_sentiment
bigdogfink,1.0,telegram_sentiment
bigjim,1.0,telegram_sentiment
bigpharmai,1.0,telegram_sentiment
billiondollarcatrunes,1.0,telegram_sentiment
billy,1.0,telegram_sentiment
bingusthecat,1.0,telegram_sentiment
birddog,1.0,telegram_sentiment
bitbonk,1.0,telegram_sentiment
bitcat2,1.0,telegram_sentiment
bitcat3,1.0,telegram_sentiment
bitcoinact,1.0,telegram_sentiment
blackagnus,1.0,telegram_sentiment
blackunicorncorp,1.0,telegram_sentiment
blinkdotfun,1.0,telegram_sentiment
blinksgg,1.0,telegram_sentiment
blk2100,1.0,telegram_sentiment
blobanapet,1.0,telegram_sentiment
bloomspergterminal,1.0,telegram_sentiment
bobacat,1.0,telegram_sentiment
bobaoppa,1.0,telegram_sentiment
boblles,1.0,telegram_sentiment
bobocoin,1.0,telegram_sentiment
bobthesnek,1.0,telegram_sentiment
bobtoken,1.0,telegram_sentiment
bog,1.0,telegram_sentiment
bogus,1.0,telegram_sentiment
bongocat,1.0,telegram_sentiment
bonsaitoken,1.0,telegram_sentiment
booji,1.0,telegram_sentiment
boop2,1.0,telegram_sentiment
boop3,1.0,telegram_sentiment
bopcat,1.0,telegram_sentiment
bozohybrid,1.0,telegram_sentiment
brainlet2,1.0,telegram_sentiment
brainrot,1.0,telegram_sentiment
brettmemecoin,1.0,telegram_sentiment
brot,1.0,telegram_sentiment
brothecat,1.0,telegram_sentiment
bueno,1.0,telegram_sentiment
buildonbnb,1.0,telegram_sentiment
burnedfi,1.0,telegram_sentiment
buttholecoin,1.0,telegram_sentiment
buu,1.0,telegram_sentiment
byte,1.0,telegram_sentiment
cancer,1.0,telegram_sentiment
capricorn2,1.0,telegram_sentiment
carloacutis,1.0,telegram_sentiment
cas9,1.0,telegram_sentiment
catalorian,1.0,telegram_sentiment
catana,1.0,telegram_sentiment
catdog,1.0,telegram_sentiment
catecoin,1.0,telegram_sentiment
catex,1.0,telegram_sentiment
catgirl,1.0,telegram_sentiment
catownkimono,1.0,telegram_sentiment
catslap,1.0,telegram_sentiment
catwifbag,1.0,telegram_sentiment
catwifhat2,1.0,telegram_sentiment
cctv,1.0,telegram_sentiment
centience,1.0,telegram_sentiment
chadcat,1.0,telegram_sentiment
chadcoin,1.0,telegram_sentiment
chaosanddisorder,1.0,telegram_sentiment
chartreuxcat,1.0,telegram_sentiment
chatgptsmascot,1.0,telegram_sentiment
cheems,1.0,telegram_sentiment
cheese2,1.0,telegram_sentiment
cheese3,1.0,telegram_sentiment
cheeseball,1.0,telegram_sentiment
cheshiregrin,1.0,telegram_sentiment
cheyenne,1.0,telegram_sentiment
chibawan,1.0,telegram_sentiment
chillgirl,1.0,telegram_sentiment
choccymilkcat,1.0,telegram_sentiment
chonky,1.0,telegram_sentiment
chudjak,1.0,telegram_sentiment
clapcat,1.0,telegram_sentiment
claude,1.0,telegram_sentiment
coal2,1.0,telegram_sentiment
coby,1.0,telegram_sentiment
cococoin,1.0,telegram_sentiment
codergf,1.0,telegram_sentiment
codetoken,1.0,telegram_sentiment
comedian,1.0,telegram_sentiment
convo,1.0,telegram_sentiment
corgiinu2,1.0,telegram_sentiment
corn2,1.0,telegram_sentiment
costcohotdog,1.0,telegram_sentiment
crab,1.0,telegram_sentiment
crashout,1.0,telegram_sentiment
craze,1.0,telegram_sentiment
crowwithknife,1.0,telegram_sentiment
cryptoboomcoinofficial,1.0,telegram_sentiment
cryptoczar,1.0,telegram_sentiment
csi888,1.0,telegram_sentiment
cultofpepe,1.0,telegram_sentiment
cumrocket,1.0,telegram_sentiment
cupsey,1.0,telegram_sentiment
cyberdoge3,1.0,telegram_sentiment
daddychill,1.0,telegram_sentiment
daddytate,1.0,telegram_sentiment
dancingtriangle2,1.0,telegram_sentiment
darkmaga,1.0,telegram_sentiment
darksun,1.0,telegram_sentiment
dasha,1.0,telegram_sentiment
deepworm,1.0,telegram_sentiment
defrogs,1.0,telegram_sentiment
degenspartanai,1.0,telegram_sentiment
dejitarutsuka,1.0,telegram_sentiment
departmentofgovefficiency,1.0,telegram_sentiment
departmentofgovernmentefficiency3,1.0,telegram_sentiment
derdaku,1.0,telegram_sentiment
devinonsolana,1.0,telegram_sentiment
dingocoin,1.0,telegram_sentiment
dinolfg,1.0,telegram_sentiment
divinelyprotected,1.0,telegram_sentiment
dogaiwtf,1.0,telegram_sentiment
dogami,1.0,telegram_sentiment
dogc,1.0,telegram_sentiment
doge,1.0,telegram_sentiment
dogebonk,1.0,telegram_sentiment
dogecast,1.0,telegram_sentiment
dogecast2,1.0,telegram_sentiment
dogefather2,1.0,telegram_sentiment
dogefather3,1.0,telegram_sentiment
dogejonesindustrialaverage,1.0,telegram_sentiment
dogemascotshibu,1.0,telegram_sentiment
dogemojionsolana,1.0,telegram_sentiment
dogeonsolana,1.0,telegram_sentiment
dogfoodtoken,1.0,telegram_sentiment
doggo3,1.0,telegram_sentiment
doggoinu,1.0,telegram_sentiment
doginhood,1.0,telegram_sentiment
doginthpool,1.0,telegram_sentiment
doglibre,1.0,telegram_sentiment
dogwifnuchucks,1.0,telegram_sentiment
dogwithappleinmouth,1.0,telegram_sentiment
dolanduck,1.0,telegram_sentiment
dollarmoon2,1.0,telegram_sentiment
dolosthebully,1.0,telegram_sentiment
donaldtremp,1.0,telegram_sentiment
dontbuyinu,1.0,telegram_sentiment
dontdie,1.0,telegram_sentiment
dorklord2,1.0,telegram_sentiment
dotcom,1.0,telegram_sentiment
draggycto,1.0,telegram_sentiment
drip,1.0,telegram_sentiment
drpepeai,1.0,telegram_sentiment
duckai,1.0,telegram_sentiment
duckthedoug,1.0,telegram_sentiment
ducky,1.0,telegram_sentiment
duko,1.0,telegram_sentiment
eagleoftruth,1.0,telegram_sentiment
earl,1.0,telegram_sentiment
effectiveaccelerationism,1.0,telegram_sentiment
eggdog,1.0,telegram_sentiment
elgato,1.0,telegram_sentiment
eliza,1.0,telegram_sentiment
elon,1.0,telegram_sentiment
eloniatrump,1.0,telegram_sentiment
elonrwa,1.0,telegram_sentiment
elonspetsnail,1.0,telegram_sentiment
elsapopepe,1.0,telegram_sentiment
endfederalreserve,1.0,telegram_sentiment
enkrypto,1.0,telegram_sentiment
estee,1.0,telegram_sentiment
ethbull,1.0,telegram_sentiment
ethereumisgood,1.0,telegram_sentiment
evan2,1.0,telegram_sentiment
expert_money,1.0,telegram_sentiment
eyeearn,1.0,telegram_sentiment
fairfun,1.0,telegram_sentiment
faml,1.0,telegram_sentiment
fatgf,1.0,telegram_sentiment
feces,1.0,telegram_sentiment
fefeoneth,1.0,telegram_sentiment
fegtoken2,1.0,telegram_sentiment
feistydogenft,1.0,telegram_sentiment
fighttomaga,1.0,telegram_sentiment
fijiexe,1.0,telegram_sentiment
fine2,1.0,telegram_sentiment
firstconvictedraccon,1.0,telegram_sentiment
firstreply,1.0,telegram_sentiment
fishkoin,1.0,telegram_sentiment
fisttrumppump,1.0,telegram_sentiment
flatearthcoin,1.0,telegram_sentiment
flaviaisonline,1.0,telegram_sentiment
fleabone,1.0,telegram_sentiment
floofnoodles,1.0,telegram_sentiment
floos,1.0,telegram_sentiment
floppacat,1.0,telegram_sentiment
florkcto,1.0,telegram_sentiment
flowerai,1.0,telegram_sentiment
fofar,1.0,telegram_sentiment
fomo3d,1.0,telegram_sentiment
fomoradioai,1.0,telegram_sentiment
forest,1.0,telegram_sentiment
forky2,1.0,telegram_sentiment
freeshaynecoplan,1.0,telegram_sentiment
freespeech2,1.0,telegram_sentiment
frensofelon,1.0,telegram_sentiment
fric,1.0,telegram_sentiment
frodothevirtualsamurai,1.0,telegram_sentiment
frog3,1.0,telegram_sentiment
frogevip,1.0,telegram_sentiment
frox,1.0,telegram_sentiment
fu,1.0,telegram_sentiment
fug,1.0,telegram_sentiment
fug2,1.0,telegram_sentiment
fuku2,1.0,telegram_sentiment
furnancialadvisor,1.0,telegram_sentiment
fxn,1.0,telegram_sentiment
gamestop,1.0,telegram_sentiment
gameswift,1.0,telegram_sentiment
gdog,1.0,telegram_sentiment
gegagedigedagedago,1.0,telegram_sentiment
gemini2,1.0,telegram_sentiment
gemxbt,1.0,telegram_sentiment
generationalwealth3,1.0,telegram_sentiment
genzquant,1.0,telegram_sentiment
gikocat,1.0,telegram_sentiment
ginnan,1.0,telegram_sentiment
ginnanthecat,1.0,telegram_sentiment
glorp,1.0,telegram_sentiment
glp1,1.0,telegram_sentiment
gluteusmaximusbyvirtuals,1.0,telegram_sentiment
gme,1.0,telegram_sentiment
gmika,1.0,telegram_sentiment
goatseusactii,1.0,telegram_sentiment
gobi,1.0,telegram_sentiment
gondola,1.0,telegram_sentiment
gooby,1.0,telegram_sentiment
goodboy,1.0,telegram_sentiment
goodmorning3,1.0,telegram_sentiment
goofy2,1.0,telegram_sentiment
gottitoken,1.0,telegram_sentiment
gou,1.0,telegram_sentiment
gout,1.0,telegram_sentiment
gpuairich,1.0,telegram_sentiment
griffainnewhedgefund,1.0,telegram_sentiment
groggobymattfurie,1.0,telegram_sentiment
grok2,1.0,telegram_sentiment
groyper,1.0,telegram_sentiment
grumpycatcoin,1.0,telegram_sentiment
gua,1.0,telegram_sentiment
guacamole,1.0,telegram_sentiment
gummy,1.0,telegram_sentiment
h2w6gm6jz,1.0,telegram_sentiment
habibisol,1.0,telegram_sentiment
hahayes,1.0,telegram_sentiment
halforangedrinkinglemonade,1.0,telegram_sentiment
hami,1.0,telegram_sentiment
hana,1.0,telegram_sentiment
hanbao,1.0,telegram_sentiment
happycat2,1.0,telegram_sentiment
harambe2,1.0,telegram_sentiment
harold,1.0,telegram_sentiment
haroldonsol,1.0,telegram_sentiment
harrypottertrumphomersimpson777inu,1.0,telegram_sentiment
hasbullascat,1.0,telegram_sentiment
hawk2,1.0,telegram_sentiment
heeeheee,1.0,telegram_sentiment
hege,1.0,telegram_sentiment
hehecat,1.0,telegram_sentiment
hemule,1.0,telegram_sentiment
henlo,1.0,telegram_sentiment
hermythestallion,1.0,telegram_sentiment
highaf,1.0,telegram_sentiment
hisnamegort,1.0,telegram_sentiment
historyofpepe,1.0,telegram_sentiment
hogefinance,1.0,telegram_sentiment
honk,1.0,telegram_sentiment
hoppymeme,1.0,telegram_sentiment
horny,1.0,telegram_sentiment
hotdoge2,1.0,telegram_sentiment
huahua,1.0,telegram_sentiment
hund,1.0,telegram_sentiment
huskyavax,1.0,telegram_sentiment
iiiilovvvyouuuu,1.0,telegram_sentiment
ilence,1.0,telegram_sentiment
illuminaticoin,1.0,telegram_sentiment
ilovepuppies,1.0,telegram_sentiment
imnotwrongimearly,1.0,telegram_sentiment
inferno2,1.0,telegram_sentiment
infinitebackrooms,1.0,telegram_sentiment
intern,1.0,telegram_sentiment
internationalmemefund,1.0,telegram_sentiment
internosaur,1.0,telegram_sentiment
inusol,1.0,telegram_sentiment
iq50,1.0,telegram_sentiment
iq6900,1.0,telegram_sentiment
ito,1.0,telegram_sentiment
jailbreakme,1.0,telegram_sentiment
jak,1.0,telegram_sentiment
jamcat,1.0,telegram_sentiment
janrotherat,1.0,telegram_sentiment
jenhsunhuang,1.0,telegram_sentiment
jeoboden,1.0,telegram_sentiment
jesuscoin,1.0,telegram_sentiment
jewelsdagoat,1.0,telegram_sentiment
jiffpom,1.0,telegram_sentiment
jinx,1.0,telegram_sentiment
joecoin,1.0,telegram_sentiment
johnmcaifee,1.0,telegram_sentiment
johnthecoin,1.0,telegram_sentiment
joi,1.0,telegram_sentiment
jorkin,1.0,telegram_sentiment
justachillguy,1.0,telegram_sentiment
justbuy1worthofthiscoin,1.0,telegram_sentiment
justiceforpeanut,1.0,telegram_sentiment
justiceforpnutandfred,1.0,telegram_sentiment
k9financedao,1.0,telegram_sentiment
k9killedinshootout,1.0,telegram_sentiment
kaiken,1.0,telegram_sentiment
kandoai,1.0,telegram_sentiment
kappy,1.0,telegram_sentiment
katanainu,1.0,telegram_sentiment
keanu,1.0,telegram_sentiment
keepgambling,1.0,telegram_sentiment
keketerminal,1.0,telegram_sentiment
kekistan,1.0,telegram_sentiment
kekiusmaximus,1.0,telegram_sentiment
kenduinu,1.0,telegram_sentiment
keyboardcat,1.0,telegram_sentiment
khaokheowzoo,1.0,telegram_sentiment
kibainu,1.0,telegram_sentiment
kiboshib,1.0,telegram_sentiment
kiki2,1.0,telegram_sentiment
kimbo,1.0,telegram_sentiment
kira3,1.0,telegram_sentiment
kirakuru,1.0,telegram_sentiment
kittekoin,1.0,telegram_sentiment
kittenhaimer,1.0,telegram_sentiment
kizuna,1.0,telegram_sentiment
klaus,1.0,telegram_sentiment
knotdiffiehellman,1.0,telegram_sentiment
knutfromzoo,1.0,telegram_sentiment
koalaai,1.0,telegram_sentiment
kolin2,1.0,telegram_sentiment
komainu,1.0,telegram_sentiment
kotaro,1.0,telegram_sentiment
koto2,1.0,telegram_sentiment
kpopkpopfun,1.0,telegram_sentiment
kwantxbt,1.0,telegram_sentiment
kween,1.0,telegram_sentiment
kyra,1.0,telegram_sentiment
lambosforvirgins,1.0,telegram_sentiment
landwolf2,1.0,telegram_sentiment
larpdetectiveagency,1.0,telegram_sentiment
leaai,1.0,telegram_sentiment
leash,1.0,telegram_sentiment
ledogdog,1.0,telegram_sentiment
legend,1.0,telegram_sentiment
leo2,1.0,telegram_sentiment
leper,1.0,telegram_sentiment
lethimcook,1.0,telegram_sentiment
letsfarty,1.0,telegram_sentiment
letsgetthisbread,1.0,telegram_sentiment
letthatsinkin,1.0,telegram_sentiment
libra4,1.0,telegram_sentiment
lifedog,1.0,telegram_sentiment
lilyscoin,1.0,telegram_sentiment
limbo,1.0,telegram_sentiment
lingyan,1.0,telegram_sentiment
linkonsol,1.0,telegram_sentiment
lioncat,1.0,telegram_sentiment
litecoinmascot,1.0,telegram_sentiment
literallyme,1.0,telegram_sentiment
littlemanyu,1.0,telegram_sentiment
lmeow2,1.0,telegram_sentiment
loafcat,1.0,telegram_sentiment
lockin,1.0,telegram_sentiment
logosai,1.0,telegram_sentiment
lol3,1.0,telegram_sentiment
lola3,1.0,telegram_sentiment
lolcat2,1.0,telegram_sentiment
loner,1.0,telegram_sentiment
long4,1.0,telegram_sentiment
loobybystephenbliss,1.0,telegram_sentiment
lookbro,1.0,telegram_sentiment
loulou,1.0,telegram_sentiment
lovelyinufinance,1.0,telegram_sentiment
lowqualitycat,1.0,telegram_sentiment
lucedog,1.0,telegram_sentiment
luci,1.0,telegram_sentiment
luckydog,1.0,telegram_sentiment
luffyinu,1.0,telegram_sentiment
lumi3,1.0,telegram_sentiment
lunabyvirtuals,1.0,telegram_sentiment
m3m3,1.0,telegram_sentiment
mad2,1.0,telegram_sentiment
madonnadelgatto,1.0,telegram_sentiment
magaagain,1.0,telegram_sentiment
magafightfortrump,1.0,telegram_sentiment
magahat,1.0,telegram_sentiment
magaverse,1.0,telegram_sentiment
magnet2,1.0,telegram_sentiment
maincharacter,1.0,telegram_sentiment
maincharacterenergy,1.0,telegram_sentiment
majorfrog,1.0,telegram_sentiment
make,1.0,telegram_sentiment
makeamericahealthyagain,1.0,telegram_sentiment
malakai,1.0,telegram_sentiment
maneki,1.0,telegram_sentiment
manifestonsol,1.0,telegram_sentiment
mao3,1.0,telegram_sentiment
marketdominance,1.0,telegram_sentiment
markkacy,1.0,telegram_sentiment
mars2,1.0,telegram_sentiment
marvininu2,1.0,telegram_sentiment
matt0x79,1.0,telegram_sentiment
max2,1.0,telegram_sentiment
maxoneth,1.0,telegram_sentiment
maya,1.0,telegram_sentiment
mcdull,1.0,telegram_sentiment
medusa2,1.0,telegram_sentiment
mellowman,1.0,telegram_sentiment
melo,1.0,telegram_sentiment
melondog,1.0,telegram_sentiment
memeanarchicnumismaticasset,1.0,telegram_sentiment
memecoingirl,1.0,telegram_sentiment
memecoinmillionaire,1.0,telegram_sentiment
memesai,1.0,telegram_sentiment
men,1.0,telegram_sentiment
meow,1.0,telegram_sentiment
meowmeowmeowmeow,1.0,telegram_sentiment
metamonopoly,1.0,telegram_sentiment
metformin,1.0,telegram_sentiment
michicoin,1.0,telegram_sentiment
miladywifhat,1.0,telegram_sentiment
milkbag,1.0,telegram_sentiment
mimany,1.0,telegram_sentiment
mindzero,1.0,telegram_sentiment
minetardai,1.0,telegram_sentiment
minidoge3,1.0,telegram_sentiment
minimini,1.0,telegram_sentiment
mist2,1.0,telegram_sentiment
mizuki,1.0,telegram_sentiment
moai,1.0,telegram_sentiment
moe4,1.0,telegram_sentiment
moew,1.0,telegram_sentiment
monaarcane,1.0,telegram_sentiment
mongcoin,1.0,telegram_sentiment
monkeyhaircut,1.0,telegram_sentiment
monkeypox,1.0,telegram_sentiment
monkeysolinu,1.0,telegram_sentiment
moodeng2,1.0,telegram_sentiment
moonbag,1.0,telegram_sentiment
moonscape2,1.0,telegram_sentiment
morris,1.0,telegram_sentiment
morud,1.0,telegram_sentiment
moss,1.0,telegram_sentiment
moth2,1.0,telegram_sentiment
motheriggy,1.0,telegram_sentiment
mrmayonnaisethecat,1.0,telegram_sentiment
mstr2100,1.0,telegram_sentiment
mumuthebull3,1.0,telegram_sentiment
muskit,1.0,telegram_sentiment
musmecoin,1.0,telegram_sentiment
mut,1.0,telegram_sentiment
myro,1.0,telegram_sentiment
mystery2,1.0,telegram_sentiment
nailong,1.0,telegram_sentiment
naitzsche,1.0,telegram_sentiment
nakedjim,1.0,telegram_sentiment
nasdaq420,1.0,telegram_sentiment
navalai,1.0,telegram_sentiment
ndx6900,1.0,telegram_sentiment
neirei,1.0,telegram_sentiment
neiro,1.0,telegram_sentiment
neiro2,1.0,telegram_sentiment
neirooneth,1.0,telegram_sentiment
neroboss,1.0,telegram_sentiment
neversol,1.0,telegram_sentiment
newbabyelephanthoustonzoo,1.0,telegram_sentiment
newbornhaggispygmyhippo,1.0,telegram_sentiment
nightfury,1.0,telegram_sentiment
ninjasquad,1.0,telegram_sentiment
no1tiktokcat,1.0,telegram_sentiment
nomansland,1.0,telegram_sentiment
nomnom,1.0,telegram_sentiment
noods,1.0,telegram_sentiment
noooomeme,1.0,telegram_sentiment
nothing4,1.0,telegram_sentiment
novaonmars,1.0,telegram_sentiment
npconsolana,1.0,telegram_sentiment
nullmatrix,1.0,telegram_sentiment
number,1.0,telegram_sentiment
numogram,1.0,telegram_sentiment
nutcoinmeme,1.0,telegram_sentiment
nya,1.0,telegram_sentiment
nyanmemecoin,1.0,telegram_sentiment
obipnutkenobi,1.0,telegram_sentiment
obot,1.0,telegram_sentiment
offcialmascotoftheholyyear,1.0,telegram_sentiment
ogroaringkitty,1.0,telegram_sentiment
ogsminem,1.0,telegram_sentiment
okane,1.0,telegram_sentiment
omega2,1.0,telegram_sentiment
omnicat,1.0,telegram_sentiment
oneunchillgal,1.0,telegram_sentiment
optimusai,1.0,telegram_sentiment
opus2,1.0,telegram_sentiment
opxlive,1.0,telegram_sentiment
orbit3,1.0,telegram_sentiment
orc,1.0,telegram_sentiment
oscar,1.0,telegram_sentiment
pajamascat,1.0,telegram_sentiment
patriot,1.0,telegram_sentiment
peanie,1.0,telegram_sentiment
peanut2,1.0,telegram_sentiment
peanut3,1.0,telegram_sentiment
peepoeth,1.0,telegram_sentiment
peipeicoinvip,1.0,telegram_sentiment
peng,1.0,telegram_sentiment
pepe20,1.0,telegram_sentiment
pepeai2,1.0,telegram_sentiment
pepefork,1.0,telegram_sentiment
pepeinamemesworld,1.0,telegram_sentiment
pepesol,1.0,telegram_sentiment
pepethekingprawn,1.0,telegram_sentiment
pepetrump,1.0,telegram_sentiment
pepoclown,1.0,telegram_sentiment
pestothebabykingpenguin,1.0,telegram_sentiment
petunia,1.0,telegram_sentiment
phil,1.0,telegram_sentiment
pigeontech,1.0,telegram_sentiment
pikaboss,1.0,telegram_sentiment
pillzumi,1.0,telegram_sentiment
pingdog,1.0,telegram_sentiment
pino,1.0,telegram_sentiment
pippin,1.0,telegram_sentiment
pisces,1.0,telegram_sentiment
planktoninpain,1.0,telegram_sentiment
pledge2,1.0,telegram_sentiment
pnutsforsquirrel,1.0,telegram_sentiment
pnutssister,1.0,telegram_sentiment
pochita,1.0,telegram_sentiment
polydoge,1.0,telegram_sentiment
ponk2,1.0,telegram_sentiment
poochi,1.0,telegram_sentiment
popdog,1.0,telegram_sentiment
popo2,1.0,telegram_sentiment
popothefrog,1.0,telegram_sentiment
poppy,1.0,telegram_sentiment
poupe,1.0,telegram_sentiment
powsche,1.0,telegram_sentiment
praist,1.0,telegram_sentiment
presidentexe,1.0,telegram_sentiment
principalsnetwork,1.0,telegram_sentiment
project89,1.0,telegram_sentiment
projectaeon,1.0,telegram_sentiment
prophetofethereum,1.0,telegram_sentiment
puffy,1.0,telegram_sentiment
pump2,1.0,telegram_sentiment
pundu,1.0,telegram_sentiment
pupsordinals,1.0,telegram_sentiment
purplepepe,1.0,telegram_sentiment
qstar,1.0,telegram_sentiment
quantifyai,1.0,telegram_sentiment
quasar3,1.0,telegram_sentiment
ratescape,1.0,telegram_sentiment
rawr,1.0,telegram_sentiment
real2,1.0,telegram_sentiment
realisworlds,1.0,telegram_sentiment
realsmurfcat,1.0,telegram_sentiment
realworldai,1.0,telegram_sentiment
redgenesis,1.0,telegram_sentiment
redsiberianhusky,1.0,telegram_sentiment
reflectionsofdissonanceai,1.0,telegram_sentiment
rekt4,1.0,telegram_sentiment
retardio,1.0,telegram_sentiment
rex3,1.0,telegram_sentiment
ribbit2,1.0,telegram_sentiment
rifampicin,1.0,telegram_sentiment
riko,1.0,telegram_sentiment
rizo,1.0,telegram_sentiment
rizzmas,1.0,telegram_sentiment
rnttoken,1.0,telegram_sentiment
roastmaster9000,1.0,telegram_sentiment
rock3,1.0,telegram_sentiment
rockytherock,1.0,telegram_sentiment
roflcopter,1.0,telegram_sentiment
ronnie,1.0,telegram_sentiment
ropirito,1.0,telegram_sentiment
rsnoofi,1.0,telegram_sentiment
runneroneth,1.0,telegram_sentiment
ruritruthterminalscrush,1.0,telegram_sentiment
ryujin,1.0,telegram_sentiment
saadboi,1.0,telegram_sentiment
sadant,1.0,telegram_sentiment
sadhamster,1.0,telegram_sentiment
safukekgigafundz888,1.0,telegram_sentiment
sageuniverse,1.0,telegram_sentiment
sagittarius,1.0,telegram_sentiment
salvatormundi,1.0,telegram_sentiment
samoyedcoin,1.0,telegram_sentiment
santa2,1.0,telegram_sentiment
santahat,1.0,telegram_sentiment
sbrsol,1.0,telegram_sentiment
schizoterminal,1.0,telegram_sentiment
scihub,1.0,telegram_sentiment
scorpio,1.0,telegram_sentiment
scratch3,1.0,telegram_sentiment
screaminghyrax,1.0,telegram_sentiment
sealsreadytocrackpengusice,1.0,telegram_sentiment
selfiedogcoin,1.0,telegram_sentiment
send2,1.0,telegram_sentiment
sendor,1.0,telegram_sentiment
sensus,1.0,telegram_sentiment
sentientai,1.0,telegram_sentiment
sharbi,1.0,telegram_sentiment
sharkcat,1.0,telegram_sentiment
sharki,1.0,telegram_sentiment
sherises,1.0,telegram_sentiment
shibaclassic2,1.0,telegram_sentiment
shibapredator,1.0,telegram_sentiment
shibashootout,1.0,telegram_sentiment
shibawing,1.0,telegram_sentiment
shibwifhatcoin,1.0,telegram_sentiment
shifu,1.0,telegram_sentiment
shinainu,1.0,telegram_sentiment
shitcoin3,1.0,telegram_sentiment
shoggoth,1.0,telegram_sentiment
shrub,1.0,telegram_sentiment
shrub2,1.0,telegram_sentiment
sigma,1.0,telegram_sentiment
sillydragon,1.0,telegram_sentiment
sillynubcat,1.0,telegram_sentiment
simmitoken,1.0,telegram_sentiment
simsai,1.0,telegram_sentiment
singularry,1.0,telegram_sentiment
size,1.0,telegram_sentiment
skainet,1.0,telegram_sentiment
skibiditoilet2,1.0,telegram_sentiment
slop,1.0,telegram_sentiment
slopfather,1.0,telegram_sentiment
slothana,1.0,telegram_sentiment
smilingdolphin,1.0,telegram_sentiment
smokingchickenfish,1.0,telegram_sentiment
snakewifhat,1.0,telegram_sentiment
snapkero,1.0,telegram_sentiment
sofacat,1.0,telegram_sentiment
solama,1.0,telegram_sentiment
solarisai,1.0,telegram_sentiment
solcat,1.0,telegram_sentiment
solchat,1.0,telegram_sentiment
solnic,1.0,telegram_sentiment
speedy2,1.0,telegram_sentiment
spikeoneth,1.0,telegram_sentiment
spinningcat,1.0,telegram_sentiment
splashdog,1.0,telegram_sentiment
spunkysdx,1.0,telegram_sentiment
spx690020,1.0,telegram_sentiment
sqrfund,1.0,telegram_sentiment
squidgrow2,1.0,telegram_sentiment
stardoge,1.0,telegram_sentiment
starecat,1.0,telegram_sentiment
staringrobot,1.0,telegram_sentiment
stars2,1.0,telegram_sentiment
stashinu,1.0,telegram_sentiment
stick,1.0,telegram_sentiment
stonks4,1.0,telegram_sentiment
strategicbitcoinreserve,1.0,telegram_sentiment
strategichubforinnovationinblockchain,1.0,telegram_sentiment
styrosteve,1.0,telegram_sentiment
successkid,1.0,telegram_sentiment
supercyclereal,1.0,telegram_sentiment
supertrump,1.0,telegram_sentiment
suwi,1.0,telegram_sentiment
swaggy,1.0,telegram_sentiment
swarm2,1.0,telegram_sentiment
swarmnodeai,1.0,telegram_sentiment
tabman,1.0,telegram_sentiment
taoinu,1.0,telegram_sentiment
tateterminal,1.0,telegram_sentiment
taurus2,1.0,telegram_sentiment
tehepikduck,1.0,telegram_sentiment
tema,1.0,telegram_sentiment
tensorium,1.0,telegram_sentiment
terminus2,1.0,telegram_sentiment
terminus3,1.0,telegram_sentiment
terryinthetrenches,1.0,telegram_sentiment
tetsuocoin,1.0,telegram_sentiment
thalesai,1.0,telegram_sentiment
theanthropicorder,1.0,telegram_sentiment
thebalkandwarf,1.0,telegram_sentiment
theblinkingaicatcatfather,1.0,telegram_sentiment
thecat,1.0,telegram_sentiment
thedogenft,1.0,telegram_sentiment
thelastplay,1.0,telegram_sentiment
thelokiecabal,1.0,telegram_sentiment
thenuttingprofessor,1.0,telegram_sentiment
thereallandwolf,1.0,telegram_sentiment
therugcoon,1.0,telegram_sentiment
thesocietylibrary,1.0,telegram_sentiment
thesoldog,1.0,telegram_sentiment
thetickeriseth,1.0,telegram_sentiment
theydontloveyoulikeiloveyou,1.0,telegram_sentiment
toadkiller,1.0,telegram_sentiment
toadsol,1.0,telegram_sentiment
tobi,1.0,telegram_sentiment
toco,1.0,telegram_sentiment
todd,1.0,telegram_sentiment
toga,1.0,telegram_sentiment
toki2,1.0,telegram_sentiment
tomocat,1.0,telegram_sentiment
tookerkurlson,1.0,telegram_sentiment
tophat,1.0,telegram_sentiment
topprotocol,1.0,telegram_sentiment
torithecat,1.0,telegram_sentiment
torsy,1.0,telegram_sentiment
trackedbio,1.0,telegram_sentiment
trenchai,1.0,telegram_sentiment
trisigma,1.0,telegram_sentiment
trog,1.0,telegram_sentiment
troll,1.0,telegram_sentiment
trumpderangementsyndrome,1.0,telegram_sentiment
trumpiusmaximus,1.0,telegram_sentiment
trumpshuffle,1.0,telegram_sentiment
trusttheprocess,1.0,telegram_sentiment
tsotchke,1.0,telegram_sentiment
tsuba,1.0,telegram_sentiment
tuki,1.0,telegram_sentiment
uglydog,1.0,telegram_sentiment
unfk,1.0,telegram_sentiment
unicornfartdust,1.0,telegram_sentiment
universalbasiccompute,1.0,telegram_sentiment
universaloperatingsystem,1.0,telegram_sentiment
upgrates,1.0,telegram_sentiment
upsidedowncat2,1.0,telegram_sentiment
uranus3,1.0,telegram_sentiment
urolithina,1.0,telegram_sentiment
valhallaindex,1.0,telegram_sentiment
vaticanmascot,1.0,telegram_sentiment
vaultterminal,1.0,telegram_sentiment
venko,1.0,telegram_sentiment
vibecat2,1.0,telegram_sentiment
vibingcat,1.0,telegram_sentiment
virgo2,1.0,telegram_sentiment
vitai,1.0,telegram_sentiment
vitainu,1.0,telegram_sentiment
voiceartificial,1.0,telegram_sentiment
voltinu2,1.0,telegram_sentiment
voyagerai,1.0,telegram_sentiment
waffles,1.0,telegram_sentiment
wallstreetmemes,1.0,telegram_sentiment
wally,1.0,telegram_sentiment
walterdogsolana,1.0,telegram_sentiment
wassie,1.0,telegram_sentiment
wat,1.0,telegram_sentiment
waterbear,1.0,telegram_sentiment
watercoin,1.0,telegram_sentiment
wawacat,1.0,telegram_sentiment
weirdmedievalmemes,1.0,telegram_sentiment
wen4,1.0,telegram_sentiment
whatsupdog,1.0,telegram_sentiment
whinecoin,1.0,telegram_sentiment
whiskey,1.0,telegram_sentiment
why,1.0,telegram_sentiment
whyyoutouzhele,1.0,telegram_sentiment
wibwob,1.0,telegram_sentiment
wicked,1.0,telegram_sentiment
wifejak,1.0,telegram_sentiment
wildgoatcoin2,1.0,telegram_sentiment
winniethepoodle,1.0,telegram_sentiment
winterarc,1.0,telegram_sentiment
wojak,1.0,telegram_sentiment
wolfofwallstreet,1.0,telegram_sentiment
womanyellingatcat,1.0,telegram_sentiment
wooftoken,1.0,telegram_sentiment
work,1.0,telegram_sentiment
would,1.0,telegram_sentiment
wrappedayeayecoin,1.0,telegram_sentiment
wrappeddog,1.0,telegram_sentiment
wuffi,1.0,telegram_sentiment
xcommunity,1.0,telegram_sentiment
xenopuslaevis,1.0,telegram_sentiment
xingxing,1.0,telegram_sentiment
yap,1.0,telegram_sentiment
yawnsworld,1.0,telegram_sentiment
yellowpepe,1.0,telegram_sentiment
yeschad,1.0,telegram_sentiment
yne,1.0,telegram_sentiment
yousim,1.0,telegram_sentiment
yowie,1.0,telegram_sentiment
zackmorris,1.0,telegram_sentiment
zaraai,1.0,telegram_sentiment
zazu2,1.0,telegram_sentiment
zenith3,1.0,telegram_sentiment
zerebrotokenoftransformation,1.0,telegram_sentiment
zerotech,1.0,telegram_sentiment
zeus3,1.0,telegram_sentiment
zoaai,1.0,telegram_sentiment
zods,1.0,telegram_sentiment
zoomer,1.0,telegram_sentiment
zoomersol,1.0,telegram_sentiment
zyncoin2,1.0,telegram_sentiment
